id,isfraud,fraudpattern,srcvalue,srcfontstyle,srcfontsize,srcfontcolor,srcbbox,desvalue,desfontstyle,desfontsize,desfontcolor,desbbox,srcname,srcregionvalue,srcregionfontstyle,srcregionfontsize,srcregionfontcolor,srcregionbbox,srcshift,desname,desregionvalue,desregionfontstyle,desregionfontsize,desregionfontcolor,desregionbbox,desshift,real_id,id_meta,name,address,birthday,gender,ethnicity,class,issue_date,expire_date,height,weight,eye_color,hair_color,is_donor,is_veteran,license_number,id_stripped
generated_fake_2_66,True,Fraud6_crop_and_replace,,,,[],[],,,,[],[],generated.photos_v3_0686847.png,03/03/2023,Arial_Bold.ttf,14.0,"[31, 27, 34]","[215, 109, 287, 123]","[[8, 1], [3, 7]]",generated.photos_v3_0347079.png,C,Arial_Bold.ttf,14.0,"[45, 36, 46]","[170, 284, 180, 298]","[[3, 7], [8, 1]]",generated,,,,,,,,,,,,,,,,,
generated_fake_2_72,True,Fraud6_crop_and_replace,,,,[],[],,,,[],[],generated.photos_v3_0857670.png,199 lb,Arial_Bold.ttf,15.0,"[23, 42, 33]","[332, 254, 373, 269]","[[8, 5], [6, 9]]",generated.photos_v3_0471219.png,ARIANA,Arial_Bold.ttf,16.0,"[24, 43, 32]","[183, 155, 247, 171]","[[6, 9], [8, 5]]",generated,,,,,,,,,,,,,,,,,
generated.photos_v3_0011839_fake_5540,True,Fraud5_inpaint_and_rewrite,833 S. 7TH STREET,Arial_Bold.ttf,14.0,"[47, 38, 42]","[184, 199, 315, 213]",833 S. 7TH STREET,DejaVuSerif-BoldItalic.ttf,11.0,"[0, 0, 0]","[184, 199, 315, 213]",,,,,[],[],[],,,,,[],[],[],generated.photos_v3_0011839,generated.photos_v3_0011839,Nori Guo,"833 S. 7th Street, Cottonwood, AZ 86326",1997-11-19,F,asian,C,2021-11-30,2026-11-30,7'-01'',166 lb,BRO,BRO,False,False,D15372505,generated.photos_v3_0011839
generated_fake_2_99,True,Fraud6_crop_and_replace,,,,[],[],,,,[],[],generated.photos_v3_0987841.png,B,Arial_Bold.ttf,14.0,"[45, 36, 46]","[170, 284, 180, 298]","[[4, 7], [8, 9]]",generated.photos_v3_0155912.png,B,Arial_Bold.ttf,14.0,"[45, 36, 46]","[170, 284, 180, 298]","[[8, 9], [4, 7]]",generated,,,,,,,,,,,,,,,,,
generated.photos_v3_0015467_fake_3788,True,Fraud5_inpaint_and_rewrite,D29721273,Arial_Bold.ttf,21.0,"[36, 36, 36]","[211, 79, 322, 100]",D29721273,DejaVuSerifCondensed-BoldItalic.ttf,18.0,"[0, 0, 0]","[211, 79, 322, 100]",,,,,[],[],[],,,,,[],[],[],generated.photos_v3_0015467,generated.photos_v3_0015467,Peng Rahman,"809 Stone Avenue, Tucson, AZ 85701",1994-12-31,M,asian,D,2020-06-27,2025-06-27,5'-04'',187 lb,BRO,BRO,False,False,D29721273,generated.photos_v3_0015467
generated.photos_v3_0018393_fake_3904,True,Fraud5_inpaint_and_rewrite,5'-07'',Arial_Bold.ttf,15.0,"[47, 40, 52]","[225, 254, 266, 269]",5'-07'',DejaVuSans-Oblique.ttf,12.0,"[0, 0, 0]","[225, 254, 266, 269]",,,,,[],[],[],,,,,[],[],[],generated.photos_v3_0018393,generated.photos_v3_0018393,Suresh Abe,"5715 Houghton Road, Sahuarita, AZ 85629",1999-03-28,M,asian,D,2022-08-10,2027-08-10,5'-07'',198 lb,BRO,BLK,False,False,D45261508,generated.photos_v3_0018393
generated.photos_v3_0017712_fake_3568,True,Fraud5_inpaint_and_rewrite,03/20/91,Arial_Bold.ttf,14.0,"[149, 156, 130]","[498, 324, 554, 338]",03/20/91,DejaVuSerifCondensed-Italic.ttf,13.0,"[0, 0, 0]","[498, 324, 554, 338]",,,,,[],[],[],,,,,[],[],[],generated.photos_v3_0017712,generated.photos_v3_0017712,Leah Scott,"2203 Yuma Road, Buckeye, AZ 85326",1991-03-20,F,white,B,2023-09-23,2028-09-23,5'-04'',192 lb,BRO,BRO,False,True,D41823091,generated.photos_v3_0017712
generated.photos_v3_0015584_fake_3329,True,Fraud5_inpaint_and_rewrite,5'-05'',Arial_Bold.ttf,15.0,"[47, 40, 52]","[225, 254, 266, 269]",5'-05'',DejaVuSansMono-Oblique.ttf,9.0,"[0, 0, 0]","[225, 254, 266, 269]",,,,,[],[],[],,,,,[],[],[],generated.photos_v3_0015584,generated.photos_v3_0015584,Seung Liu,"72 Alameda Street, Tucson, AZ 85701",1997-05-28,M,asian,C,2020-09-08,2025-09-08,5'-05'',211 lb,BRO,BRO,True,False,D46137110,generated.photos_v3_0015584
generated.photos_v3_0017285_fake_2243,True,Fraud5_inpaint_and_rewrite,09/12/2025,Arial_Bold.ttf,21.0,"[54, 38, 42]","[426, 79, 534, 100]",09/12/2025,DejaVuMathTeXGyre.ttf,18.0,"[0, 0, 0]","[426, 79, 534, 100]",,,,,[],[],[],,,,,[],[],[],generated.photos_v3_0017285,generated.photos_v3_0017285,Adrian Alvarez,"95 Bella Sera Drive, Bullhead City, AZ 86442",1984-08-17,M,latino,B,2020-09-12,2025-09-12,5'-04'',217 lb,BRO,BRO,False,False,D47331437,generated.photos_v3_0017285
generated.photos_v3_0009540_fake_1187,True,Fraud5_inpaint_and_rewrite,CRUZ,Arial_Bold.ttf,16.0,"[20, 45, 31]","[183, 129, 229, 145]",CRUZ,DejaVuSans-Bold.ttf,14.0,"[0, 0, 0]","[183, 129, 229, 145]",,,,,[],[],[],,,,,[],[],[],generated.photos_v3_0009540,generated.photos_v3_0009540,Alyssa Cruz,"2885 Otero Avenue, Bisbee, AZ 85603",1996-05-06,F,latino,B,2021-04-20,2026-04-20,5'-04'',101 lb,BRO,BRO,True,False,D05351988,generated.photos_v3_0009540
generated.photos_v3_0017084_fake_5847,True,Fraud5_inpaint_and_rewrite,D05674206,Arial_Bold.ttf,21.0,"[36, 36, 36]","[211, 79, 322, 100]",D05674206,DejaVuSansCondensed-Oblique.ttf,20.0,"[0, 0, 0]","[211, 79, 322, 100]",,,,,[],[],[],,,,,[],[],[],generated.photos_v3_0017084,generated.photos_v3_0017084,Cesar Figueroa,"3747 24th Drive, Yuma, AZ 85364",1994-04-15,M,latino,A,2020-02-16,2025-02-16,5'-08'',149 lb,BRO,BRO,False,False,D05674206,generated.photos_v3_0017084
generated.photos_v3_0016288_fake_1945,True,Fraud5_inpaint_and_rewrite,"SCOTTSDALE, AZ 85250",Arial_Bold.ttf,14.0,"[29, 38, 25]","[183, 214, 349, 228]","SCOTTSDALE, AZ 85250",DejaVuSerifCondensed-BoldItalic.ttf,13.0,"[0, 0, 0]","[183, 214, 349, 228]",,,,,[],[],[],,,,,[],[],[],generated.photos_v3_0016288,generated.photos_v3_0016288,Isabella Young,"19 Miller Road, Scottsdale, AZ 85250",1985-01-18,F,white,C,2020-10-29,2025-10-29,6'-06'',158 lb,GRA,BRO,False,False,D91555093,generated.photos_v3_0016288
generated.photos_v3_0003040_fake_3918,True,Fraud5_inpaint_and_rewrite,B,Arial_Bold.ttf,14.0,"[45, 36, 46]","[170, 284, 180, 298]",B,DejaVuSansMono-Bold.ttf,15.0,"[0, 0, 0]","[170, 284, 180, 298]",,,,,[],[],[],,,,,[],[],[],generated.photos_v3_0003040,generated.photos_v3_0003040,Jacob Russell,"143 Mc 85, Buckeye, AZ 85326",1987-07-21,M,white,B,2021-12-30,2026-12-30,5'-00'',157 lb,BRO,BRO,False,False,D91405890,generated.photos_v3_0003040
generated.photos_v3_0010442_fake_874,True,Fraud5_inpaint_and_rewrite,0000000000005801,Arial_Bold.ttf,13.0,"[55, 33, 28]","[196, 333, 308, 346]",0000000000005801,DejaVuSansCondensed.ttf,11.0,"[0, 0, 0]","[196, 333, 308, 346]",,,,,[],[],[],,,,,[],[],[],generated.photos_v3_0010442,generated.photos_v3_0010442,Miguel Guerrero,"2144 Riverview Drive, Bullhead City, AZ 86442",2001-02-28,M,latino,B,2023-04-23,2028-04-23,5'-00'',164 lb,BRO,BRO,False,False,D43877997,generated.photos_v3_0010442
generated_fake_2_98,True,Fraud6_crop_and_replace,,,,[],[],,,,[],[],generated.photos_v3_0706811.png,127 lb,Arial_Bold.ttf,15.0,"[23, 42, 33]","[332, 254, 373, 269]","[[7, 5], [0, 6]]",generated.photos_v3_0139167.png,MAURICIO,Arial_Bold.ttf,16.0,"[24, 43, 32]","[183, 155, 264, 171]","[[0, 6], [7, 5]]",generated,,,,,,,,,,,,,,,,,
generated_fake_2_73,True,Fraud6_crop_and_replace,,,,[],[],,,,[],[],generated.photos_v3_0794949.png,FLORES,Arial_Bold.ttf,16.0,"[20, 45, 31]","[183, 129, 249, 145]","[[9, 8], [1, 8]]",generated.photos_v3_0379205.png,0000000000005290,Arial_Bold.ttf,13.0,"[55, 33, 28]","[196, 333, 308, 346]","[[1, 8], [9, 8]]",generated,,,,,,,,,,,,,,,,,
generated_fake_2_67,True,Fraud6_crop_and_replace,,,,[],[],,,,[],[],generated.photos_v3_0716656.png,02/25/1997,Arial_Bold.ttf,21.0,"[53, 45, 24]","[426, 102, 534, 123]","[[2, 7], [7, 8]]",generated.photos_v3_0075936.png,05/10/2027,Arial_Bold.ttf,21.0,"[54, 38, 42]","[426, 79, 534, 100]","[[7, 8], [2, 7]]",generated,,,,,,,,,,,,,,,,,
generated_fake_2_71,True,Fraud6_crop_and_replace,,,,[],[],,,,[],[],generated.photos_v3_0586610.png,D58694734,Arial_Bold.ttf,21.0,"[36, 36, 36]","[211, 79, 322, 100]","[[6, 2], [5, 1]]",generated.photos_v3_0601546.png,B,Arial_Bold.ttf,14.0,"[51, 56, 41]","[170, 315, 180, 329]","[[5, 1], [6, 2]]",generated,,,,,,,,,,,,,,,,,
generated_fake_2_65,True,Fraud6_crop_and_replace,,,,[],[],,,,[],[],generated.photos_v3_0401120_0267995_0068932.png,GIBSON,Arial_Bold.ttf,16.0,"[20, 45, 31]","[183, 129, 246, 145]","[[2, 8], [0, 4]]",generated.photos_v3_0815536.png,04/19/2022,Arial_Bold.ttf,14.0,"[31, 27, 34]","[215, 109, 287, 123]","[[0, 4], [2, 8]]",generated,,,,,,,,,,,,,,,,,
generated_fake_2_59,True,Fraud6_crop_and_replace,,,,[],[],,,,[],[],generated.photos_v3_0976160.png,"CASA GRANDE, AZ 85122",Arial_Bold.ttf,14.0,"[29, 38, 25]","[183, 214, 357, 228]","[[3, 4], [3, 2]]",generated.photos_v3_0777680.png,ARUN,Arial_Bold.ttf,16.0,"[24, 43, 32]","[183, 155, 231, 171]","[[3, 2], [3, 4]]",generated,,,,,,,,,,,,,,,,,
generated.photos_v3_0008825_fake_5355,True,Fraud5_inpaint_and_rewrite,11/05/2022,Arial_Bold.ttf,14.0,"[31, 27, 34]","[215, 109, 287, 123]",11/05/2022,DejaVuSans-BoldOblique.ttf,10.0,"[0, 0, 0]","[215, 109, 287, 123]",,,,,[],[],[],,,,,[],[],[],generated.photos_v3_0008825,generated.photos_v3_0008825,Akira Sharma,"537 Craycroft Road, Sahuarita, AZ 85629",2002-05-14,M,asian,B,2022-11-05,2027-11-05,7'-06'',168 lb,BRO,BRO,False,False,D42419314,generated.photos_v3_0008825
generated_fake_2_8,True,Fraud6_crop_and_replace,,,,[],[],,,,[],[],generated.photos_v3_0784155.png,08/21/99,Arial_Bold.ttf,14.0,"[149, 156, 130]","[498, 324, 554, 338]","[[6, 9], [0, 1]]",generated.photos_v3_0050078.png,F,Arial_Bold.ttf,15.0,"[40, 39, 23]","[169, 254, 178, 269]","[[0, 1], [6, 9]]",generated,,,,,,,,,,,,,,,,,
generated_fake_2_9,True,Fraud6_crop_and_replace,,,,[],[],,,,[],[],generated.photos_v3_0137522_0131305_0498618.png,"BUCKEYE, AZ 85326",Arial_Bold.ttf,14.0,"[29, 38, 25]","[183, 214, 321, 228]","[[8, 9], [6, 0]]",generated.photos_v3_0778303.png,4218 11TH STREET,Arial_Bold.ttf,14.0,"[47, 38, 42]","[184, 199, 314, 213]","[[6, 0], [8, 9]]",generated,,,,,,,,,,,,,,,,,
generated_fake_2_58,True,Fraud6_crop_and_replace,,,,[],[],,,,[],[],generated.photos_v3_0512907.png,0000000000002265,Arial_Bold.ttf,13.0,"[55, 33, 28]","[196, 333, 308, 346]","[[7, 5], [4, 3]]",generated.photos_v3_0147629_0326230_0305011.png,2032 RANCHO VISTOSO BOULEVARD,Arial_Bold.ttf,14.0,"[47, 38, 42]","[184, 199, 439, 213]","[[4, 3], [7, 5]]",generated,,,,,,,,,,,,,,,,,
generated_fake_2_64,True,Fraud6_crop_and_replace,,,,[],[],,,,[],[],generated.photos_v3_0488592.png,09/26/1998,Arial_Bold.ttf,21.0,"[53, 45, 24]","[426, 102, 534, 123]","[[2, 5], [2, 0]]",generated.photos_v3_0062905.png,07/15/1991,Arial_Bold.ttf,20.0,"[53, 42, 51]","[334, 332, 434, 352]","[[2, 0], [2, 5]]",generated,,,,,,,,,,,,,,,,,
generated_fake_2_70,True,Fraud6_crop_and_replace,,,,[],[],,,,[],[],generated.photos_v3_0196709.png,HERRERA,Arial_Bold.ttf,16.0,"[20, 45, 31]","[183, 129, 265, 145]","[[5, 0], [2, 7]]",generated.photos_v3_0811627_0137738_0382667.png,234 PINAL AVENUE,Arial_Bold.ttf,14.0,"[47, 38, 42]","[184, 199, 315, 213]","[[2, 7], [5, 0]]",generated,,,,,,,,,,,,,,,,,
generated.photos_v3_0012976_fake_4712,True,Fraud5_inpaint_and_rewrite,02/12/2003,Arial_Bold.ttf,20.0,"[53, 42, 51]","[334, 332, 434, 352]",02/12/2003,DejaVuSerif.ttf,16.0,"[0, 0, 0]","[334, 332, 434, 352]",,,,,[],[],[],,,,,[],[],[],generated.photos_v3_0012976,generated.photos_v3_0012976,Lakisha Morgan,"2558 Goldwater Boulevard, Scottsdale, AZ 85250",2003-02-12,F,black,D,2024-08-09,2029-08-09,5'-09'',171 lb,BRO,BLK,False,False,D59101888,generated.photos_v3_0012976
generated_fake_2_48,True,Fraud6_crop_and_replace,,,,[],[],,,,[],[],generated.photos_v3_0532892_0871095_0494307.png,0000000000000223,Arial_Bold.ttf,13.0,"[55, 33, 28]","[196, 333, 308, 346]","[[7, 3], [6, 8]]",generated.photos_v3_0457469.png,5'-00'',Arial_Bold.ttf,15.0,"[47, 40, 52]","[225, 254, 266, 269]","[[6, 8], [7, 3]]",generated,,,,,,,,,,,,,,,,,
generated_fake_2_74,True,Fraud6_crop_and_replace,,,,[],[],,,,[],[],generated.photos_v3_0389145.png,"SURPRISE, AZ 85374",Arial_Bold.ttf,14.0,"[29, 38, 25]","[183, 214, 324, 228]","[[8, 6], [2, 5]]",generated.photos_v3_0466645.png,0000000000005096,Arial_Bold.ttf,13.0,"[55, 33, 28]","[196, 333, 308, 346]","[[2, 5], [8, 6]]",generated,,,,,,,,,,,,,,,,,
generated_fake_2_60,True,Fraud6_crop_and_replace,,,,[],[],,,,[],[],generated.photos_v3_0416237.png,M,Arial_Bold.ttf,15.0,"[40, 39, 23]","[169, 254, 182, 269]","[[2, 7], [4, 1]]",generated.photos_v3_0170019.png,3892 2ND STREET,Arial_Bold.ttf,14.0,"[47, 38, 42]","[184, 199, 307, 213]","[[4, 1], [2, 7]]",generated,,,,,,,,,,,,,,,,,
generated.photos_v3_0003103_fake_2619,True,Fraud5_inpaint_and_rewrite,B,Arial_Bold.ttf,14.0,"[51, 56, 41]","[170, 315, 180, 329]",B,DejaVuSansCondensed-Bold.ttf,13.0,"[0, 0, 0]","[170, 315, 180, 329]",,,,,[],[],[],,,,,[],[],[],generated.photos_v3_0003103,generated.photos_v3_0003103,Rafael Sanchez,"172 Oracle Road, Oro Valley, AZ 85737",1998-04-09,M,latino,D,2020-10-22,2025-10-22,6'-08'',190 lb,BRO,BRO,False,False,D22810129,generated.photos_v3_0003103
generated.photos_v3_0002511_fake_239,True,Fraud5_inpaint_and_rewrite,6'-03'',Arial_Bold.ttf,15.0,"[47, 40, 52]","[225, 254, 266, 269]",6'-03'',DejaVuSansCondensed-Bold.ttf,12.0,"[0, 0, 0]","[225, 254, 266, 269]",,,,,[],[],[],,,,,[],[],[],generated.photos_v3_0002511,generated.photos_v3_0002511,Jovan Morgan,"70 County 13th Street, Somerton, AZ 85350",2000-02-03,M,black,A,2021-03-07,2026-03-07,6'-03'',133 lb,BRO,BLK,True,False,D32177155,generated.photos_v3_0002511
generated.photos_v3_0016139_fake_230,True,Fraud5_inpaint_and_rewrite,"APACHE JUNCTION, AZ 85120",Arial_Bold.ttf,14.0,"[29, 38, 25]","[183, 214, 388, 228]","APACHE JUNCTION, AZ 85120",DejaVuSans-BoldOblique.ttf,12.0,"[0, 0, 0]","[183, 214, 388, 228]",,,,,[],[],[],,,,,[],[],[],generated.photos_v3_0016139,generated.photos_v3_0016139,Alexa Castro,"3416 Apache Trail, Apache Junction, AZ 85120",1990-02-12,F,latino,D,2021-11-28,2026-11-28,5'-06'',152 lb,BRO,BRO,False,False,D40357813,generated.photos_v3_0016139
generated.photos_v3_0003285_fake_3005,True,Fraud5_inpaint_and_rewrite,D,Arial_Bold.ttf,14.0,"[45, 36, 46]","[170, 284, 180, 298]",D,DejaVuSerif.ttf,11.0,"[0, 0, 0]","[170, 284, 180, 298]",,,,,[],[],[],,,,,[],[],[],generated.photos_v3_0003285,generated.photos_v3_0003285,Madison Jones,"45 Sarival Avenue, Goodyear, AZ 85338",1999-05-02,F,white,D,2023-09-19,2028-09-19,7'-07'',196 lb,BRO,BRO,False,False,D52764538,generated.photos_v3_0003285
generated.photos_v3_0015369_fake_2791,True,Fraud5_inpaint_and_rewrite,F,Arial_Bold.ttf,15.0,"[40, 39, 23]","[169, 254, 178, 269]",F,DejaVuSerifCondensed.ttf,13.0,"[0, 0, 0]","[169, 254, 178, 269]",,,,,[],[],[],,,,,[],[],[],generated.photos_v3_0015369,generated.photos_v3_0015369,Abigail Adams,"717 Sahuarita Road, Sahuarita, AZ 85629",1991-01-27,F,white,A,2022-02-27,2027-02-27,6'-03'',128 lb,BRO,BRO,False,False,D69038392,generated.photos_v3_0015369
generated.photos_v3_0011839_fake_797,True,Fraud5_inpaint_and_rewrite,NONE,Arial_Bold.ttf,14.0,"[24, 44, 34]","[221, 284, 261, 298]",NONE,DejaVuSansMono.ttf,15.0,"[0, 0, 0]","[221, 284, 261, 298]",,,,,[],[],[],,,,,[],[],[],generated.photos_v3_0011839,generated.photos_v3_0011839,Nori Guo,"833 S. 7th Street, Cottonwood, AZ 86326",1997-11-19,F,asian,C,2021-11-30,2026-11-30,7'-01'',166 lb,BRO,BRO,False,False,D15372505,generated.photos_v3_0011839
generated_fake_2_61,True,Fraud6_crop_and_replace,,,,[],[],,,,[],[],generated.photos_v3_0120775_0397782_0110991.png,SHAKIRA,Arial_Bold.ttf,16.0,"[24, 43, 32]","[183, 155, 258, 171]","[[6, 4], [4, 6]]",generated.photos_v3_0144876.png,11/10/1986,Arial_Bold.ttf,21.0,"[53, 45, 24]","[426, 102, 534, 123]","[[4, 6], [6, 4]]",generated,,,,,,,,,,,,,,,,,
generated_fake_2_75,True,Fraud6_crop_and_replace,,,,[],[],,,,[],[],generated.photos_v3_0845677.png,09/19/2028,Arial_Bold.ttf,21.0,"[54, 38, 42]","[426, 79, 534, 100]","[[5, 0], [1, 4]]",generated.photos_v3_0685994.png,09/02/01,Arial_Bold.ttf,14.0,"[149, 156, 130]","[498, 324, 554, 338]","[[1, 4], [5, 0]]",generated,,,,,,,,,,,,,,,,,
generated_fake_2_49,True,Fraud6_crop_and_replace,,,,[],[],,,,[],[],generated.photos_v3_0992323.png,C,Arial_Bold.ttf,14.0,"[45, 36, 46]","[170, 284, 180, 298]","[[3, 8], [0, 7]]",generated.photos_v3_0738866.png,HARUKA,Arial_Bold.ttf,16.0,"[24, 43, 32]","[183, 155, 255, 171]","[[0, 7], [3, 8]]",generated,,,,,,,,,,,,,,,,,
generated_fake_2_63,True,Fraud6_crop_and_replace,,,,[],[],,,,[],[],generated.photos_v3_0615917.png,NONE,Arial_Bold.ttf,14.0,"[24, 44, 34]","[221, 284, 261, 298]","[[9, 1], [2, 9]]",generated.photos_v3_0323427.png,07/30/2025,Arial_Bold.ttf,21.0,"[54, 38, 42]","[426, 79, 534, 100]","[[2, 9], [9, 1]]",generated,,,,,,,,,,,,,,,,,
generated_fake_2_77,True,Fraud6_crop_and_replace,,,,[],[],,,,[],[],generated.photos_v3_0234536.png,7'-05'',Arial_Bold.ttf,15.0,"[47, 40, 52]","[225, 254, 266, 269]","[[1, 0], [5, 9]]",generated.photos_v3_0161268.png,05/06/01,Arial_Bold.ttf,14.0,"[149, 156, 130]","[498, 324, 554, 338]","[[5, 9], [1, 0]]",generated,,,,,,,,,,,,,,,,,
generated_fake_2_88,True,Fraud6_crop_and_replace,,,,[],[],,,,[],[],generated.photos_v3_0031482_0683247_0461490.png,BRO,Arial_Bold.ttf,14.0,"[46, 46, 56]","[276, 254, 307, 268]","[[9, 3], [4, 6]]",generated.photos_v3_0816074.png,B,Arial_Bold.ttf,14.0,"[51, 56, 41]","[170, 315, 180, 329]","[[4, 6], [9, 3]]",generated,,,,,,,,,,,,,,,,,
generated.photos_v3_0018393_fake_2175,True,Fraud5_inpaint_and_rewrite,M,Arial_Bold.ttf,15.0,"[40, 39, 23]","[169, 254, 182, 269]",M,DejaVuSerif-BoldItalic.ttf,9.0,"[0, 0, 0]","[169, 254, 182, 269]",,,,,[],[],[],,,,,[],[],[],generated.photos_v3_0018393,generated.photos_v3_0018393,Suresh Abe,"5715 Houghton Road, Sahuarita, AZ 85629",1999-03-28,M,asian,D,2022-08-10,2027-08-10,5'-07'',198 lb,BRO,BLK,False,False,D45261508,generated.photos_v3_0018393
generated.photos_v3_0017285_fake_4636,True,Fraud5_inpaint_and_rewrite,ALVAREZ,Arial_Bold.ttf,16.0,"[20, 45, 31]","[183, 129, 261, 145]",ALVAREZ,DejaVuSans.ttf,16.0,"[0, 0, 0]","[183, 129, 261, 145]",,,,,[],[],[],,,,,[],[],[],generated.photos_v3_0017285,generated.photos_v3_0017285,Adrian Alvarez,"95 Bella Sera Drive, Bullhead City, AZ 86442",1984-08-17,M,latino,B,2020-09-12,2025-09-12,5'-04'',217 lb,BRO,BRO,False,False,D47331437,generated.photos_v3_0017285
generated.photos_v3_0007944_fake_93,True,Fraud5_inpaint_and_rewrite,A,Arial_Bold.ttf,14.0,"[45, 36, 46]","[170, 284, 180, 298]",A,DejaVuSerif-BoldItalic.ttf,10.0,"[0, 0, 0]","[170, 284, 180, 298]",,,,,[],[],[],,,,,[],[],[],generated.photos_v3_0007944,generated.photos_v3_0007944,Ariel Wells,"1237 McCulloch Boulevard, Lake Havasu City, AZ 86403",1986-06-08,F,black,A,2020-07-16,2025-07-16,6'-03'',129 lb,BRO,BRO,False,False,D02322299,generated.photos_v3_0007944
generated_fake_2_89,True,Fraud6_crop_and_replace,,,,[],[],,,,[],[],generated.photos_v3_0880464.png,D05255359,Arial_Bold.ttf,21.0,"[36, 36, 36]","[211, 79, 322, 100]","[[0, 5], [9, 3]]",generated.photos_v3_0098295.png,BRO,Arial_Bold.ttf,14.0,"[46, 46, 56]","[276, 254, 307, 268]","[[9, 3], [0, 5]]",generated,,,,,,,,,,,,,,,,,
generated_fake_2_76,True,Fraud6_crop_and_replace,,,,[],[],,,,[],[],generated.photos_v3_0075963.png,CHUA,Arial_Bold.ttf,16.0,"[20, 45, 31]","[183, 129, 231, 145]","[[2, 9], [5, 6]]",generated.photos_v3_0224417.png,09/04/1999,Arial_Bold.ttf,20.0,"[53, 42, 51]","[334, 332, 434, 352]","[[5, 6], [2, 9]]",generated,,,,,,,,,,,,,,,,,
generated_fake_2_62,True,Fraud6_crop_and_replace,,,,[],[],,,,[],[],generated.photos_v3_0764138.png,555 ALMA SCHOOL ROAD,Arial_Bold.ttf,14.0,"[47, 38, 42]","[184, 199, 362, 213]","[[6, 9], [7, 2]]",generated.photos_v3_0069574.png,01/23/2026,Arial_Bold.ttf,21.0,"[54, 38, 42]","[426, 79, 534, 100]","[[7, 2], [6, 9]]",generated,,,,,,,,,,,,,,,,,
generated_fake_2_11,True,Fraud6_crop_and_replace,,,,[],[],,,,[],[],generated.photos_v3_0685556.png,F,Arial_Bold.ttf,15.0,"[40, 39, 23]","[169, 254, 178, 269]","[[8, 7], [3, 7]]",generated.photos_v3_0357334.png,"DOUGLAS, AZ 85607",Arial_Bold.ttf,14.0,"[29, 38, 25]","[183, 214, 324, 228]","[[3, 7], [8, 7]]",generated,,,,,,,,,,,,,,,,,
generated_fake_2_39,True,Fraud6_crop_and_replace,,,,[],[],,,,[],[],generated.photos_v3_0724549_0142019_0379304.png,B,Arial_Bold.ttf,14.0,"[51, 56, 41]","[170, 315, 180, 329]","[[1, 7], [1, 9]]",generated.photos_v3_0178461.png,10/18/2002,Arial_Bold.ttf,20.0,"[53, 42, 51]","[334, 332, 434, 352]","[[1, 9], [1, 7]]",generated,,,,,,,,,,,,,,,,,
generated.photos_v3_0010678_fake_3851,True,Fraud5_inpaint_and_rewrite,F,Arial_Bold.ttf,15.0,"[40, 39, 23]","[169, 254, 178, 269]",F,DejaVuSansMono-Oblique.ttf,12.0,"[0, 0, 0]","[169, 254, 178, 269]",,,,,[],[],[],,,,,[],[],[],generated.photos_v3_0010678,generated.photos_v3_0010678,Hailey Alvarez,"5744 Bailey Street, Florence, AZ 85132",1994-02-17,F,latino,C,2020-09-17,2025-09-17,6'-07'',169 lb,BRO,BRO,False,True,D48682728,generated.photos_v3_0010678
generated.photos_v3_0013103_fake_617,True,Fraud5_inpaint_and_rewrite,MINGZHE,Arial_Bold.ttf,16.0,"[24, 43, 32]","[183, 155, 257, 171]",MINGZHE,DejaVuSans.ttf,15.0,"[0, 0, 0]","[183, 155, 257, 171]",,,,,[],[],[],,,,,[],[],[],generated.photos_v3_0013103,generated.photos_v3_0013103,Mingzhe Raj,"3472 Avondale Boulevard, Avondale, AZ 85323",1992-12-19,M,asian,D,2022-10-11,2027-10-11,5'-06'',182 lb,BRO,BLK,False,False,D07758416,generated.photos_v3_0013103
generated.photos_v3_0005252_fake_2762,True,Fraud5_inpaint_and_rewrite,188 lb,Arial_Bold.ttf,15.0,"[23, 42, 33]","[332, 254, 373, 269]",188 lb,DejaVuSerifCondensed.ttf,14.0,"[0, 0, 0]","[332, 254, 373, 269]",,,,,[],[],[],,,,,[],[],[],generated.photos_v3_0005252,generated.photos_v3_0005252,Ravi Xu,"4 Hassayampa Village Lane, Prescott, AZ 86301",2001-11-04,M,asian,C,2024-06-04,2029-06-04,7'-11'',188 lb,BRO,BRO,False,False,D09001951,generated.photos_v3_0005252
generated.photos_v3_0013748_0248697_0821130_fake_3930,True,Fraud5_inpaint_and_rewrite,DEVONTE,Arial_Bold.ttf,16.0,"[24, 43, 32]","[183, 155, 262, 171]",DEVONTE,DejaVuSerifCondensed-Italic.ttf,15.0,"[0, 0, 0]","[183, 155, 262, 171]",,,,,[],[],[],,,,,[],[],[],generated.photos_v3_0013748_0248697_0821130,generated.photos_v3_0013748_0248697_0821130,Devonte Gordon,"273 8th Street, Yuma, AZ 85364",2000-08-31,M,black,B,2020-03-27,2025-03-27,5'-01'',223 lb,BRO,BLK,False,False,D72866581,generated.photos_v3_0013748_0248697_0821130
generated_fake_2_38,True,Fraud6_crop_and_replace,,,,[],[],,,,[],[],generated.photos_v3_0514625_0711480_0243693.png,5394 SAN FRANCISCO STREET,Arial_Bold.ttf,14.0,"[47, 38, 42]","[184, 199, 395, 213]","[[0, 9], [3, 6]]",generated.photos_v3_0028666.png,M,Arial_Bold.ttf,15.0,"[40, 39, 23]","[169, 254, 182, 269]","[[3, 6], [0, 9]]",generated,,,,,,,,,,,,,,,,,
generated_fake_2_10,True,Fraud6_crop_and_replace,,,,[],[],,,,[],[],generated.photos_v3_0660063.png,NONE,Arial_Bold.ttf,14.0,"[24, 44, 34]","[221, 284, 261, 298]","[[7, 8], [4, 0]]",generated.photos_v3_0212176.png,"PAYSON, AZ 85541",Arial_Bold.ttf,14.0,"[29, 38, 25]","[183, 214, 312, 228]","[[4, 0], [7, 8]]",generated,,,,,,,,,,,,,,,,,
generated_fake_2_12,True,Fraud6_crop_and_replace,,,,[],[],,,,[],[],generated.photos_v3_0861779.png,04/24/1994,Arial_Bold.ttf,21.0,"[53, 45, 24]","[426, 102, 534, 123]","[[3, 2], [6, 9]]",generated.photos_v3_0332109.png,174 lb,Arial_Bold.ttf,15.0,"[23, 42, 33]","[332, 254, 373, 269]","[[6, 9], [3, 2]]",generated,,,,,,,,,,,,,,,,,
generated.photos_v3_0017596_fake_3886,True,Fraud5_inpaint_and_rewrite,06/24/2022,Arial_Bold.ttf,14.0,"[31, 27, 34]","[215, 109, 287, 123]",06/24/2022,DejaVuSansCondensed-Oblique.ttf,13.0,"[0, 0, 0]","[215, 109, 287, 123]",,,,,[],[],[],,,,,[],[],[],generated.photos_v3_0017596,generated.photos_v3_0017596,Nina Lin,"26 Leroux Street, Flagstaff, AZ 86001",1998-09-05,F,asian,A,2022-06-24,2027-06-24,6'-02'',138 lb,BRO,BRO,True,False,D42950894,generated.photos_v3_0017596
generated.photos_v3_0009963_fake_4911,True,Fraud5_inpaint_and_rewrite,112 lb,Arial_Bold.ttf,15.0,"[23, 42, 33]","[332, 254, 373, 269]",112 lb,DejaVuSans-BoldOblique.ttf,11.0,"[0, 0, 0]","[332, 254, 373, 269]",,,,,[],[],[],,,,,[],[],[],generated.photos_v3_0009963,generated.photos_v3_0009963,Melanie Fernandez,"75 Route 66, Flagstaff, AZ 86001",1992-01-18,F,latino,D,2021-10-08,2026-10-08,5'-03'',112 lb,BRO,BRO,False,False,D56059887,generated.photos_v3_0009963
generated.photos_v3_0003357_fake_2377,True,Fraud5_inpaint_and_rewrite,07/13/2022,Arial_Bold.ttf,14.0,"[31, 27, 34]","[215, 109, 287, 123]",07/13/2022,DejaVuSans-Oblique.ttf,11.0,"[0, 0, 0]","[215, 109, 287, 123]",,,,,[],[],[],,,,,[],[],[],generated.photos_v3_0003357,generated.photos_v3_0003357,Jesus Flores,"327 Apache Boulevard, Tempe, AZ 85281",1992-06-07,M,latino,A,2022-07-13,2027-07-13,5'-11'',237 lb,BRO,BRO,False,False,D43588992,generated.photos_v3_0003357
generated.photos_v3_0004516_fake_14,True,Fraud5_inpaint_and_rewrite,D28607026,Arial_Bold.ttf,21.0,"[36, 36, 36]","[211, 79, 322, 100]",D28607026,DejaVuSerifCondensed-Bold.ttf,18.0,"[0, 0, 0]","[211, 79, 322, 100]",,,,,[],[],[],,,,,[],[],[],generated.photos_v3_0004516,generated.photos_v3_0004516,Gabriella Vega,"4529 Oakmont Drive, Sierra Vista, AZ 85635",1987-01-17,F,latino,C,2020-07-25,2025-07-25,6'-08'',157 lb,BRO,BRO,False,False,D28607026,generated.photos_v3_0004516
generated.photos_v3_0009638_fake_2189,True,Fraud5_inpaint_and_rewrite,B,Arial_Bold.ttf,14.0,"[51, 56, 41]","[170, 315, 180, 329]",B,DejaVuSansMono.ttf,15.0,"[0, 0, 0]","[170, 315, 180, 329]",,,,,[],[],[],,,,,[],[],[],generated.photos_v3_0009638,generated.photos_v3_0009638,Xia Patel,"227 Miller Road, Scottsdale, AZ 85250",1996-12-23,F,asian,A,2023-11-16,2028-11-16,6'-00'',151 lb,BRO,BLK,False,False,D38104481,generated.photos_v3_0009638
generated_fake_2_13,True,Fraud6_crop_and_replace,,,,[],[],,,,[],[],generated.photos_v3_0423429.png,D52872049,Arial_Bold.ttf,21.0,"[36, 36, 36]","[211, 79, 322, 100]","[[2, 1], [2, 7]]",generated.photos_v3_0837852.png,NONE,Arial_Bold.ttf,14.0,"[24, 44, 34]","[221, 284, 261, 298]","[[2, 7], [2, 1]]",generated,,,,,,,,,,,,,,,,,
generated_fake_2_17,True,Fraud6_crop_and_replace,,,,[],[],,,,[],[],generated.photos_v3_0964149.png,B,Arial_Bold.ttf,14.0,"[51, 56, 41]","[170, 315, 180, 329]","[[9, 7], [2, 7]]",generated.photos_v3_0181054.png,M,Arial_Bold.ttf,15.0,"[40, 39, 23]","[169, 254, 182, 269]","[[2, 7], [9, 7]]",generated,,,,,,,,,,,,,,,,,
generated.photos_v3_0004516_fake_3332,True,Fraud5_inpaint_and_rewrite,D28607026,Arial_Bold.ttf,21.0,"[36, 36, 36]","[211, 79, 322, 100]",D28607026,DejaVuSans-Bold.ttf,17.0,"[0, 0, 0]","[211, 79, 322, 100]",,,,,[],[],[],,,,,[],[],[],generated.photos_v3_0004516,generated.photos_v3_0004516,Gabriella Vega,"4529 Oakmont Drive, Sierra Vista, AZ 85635",1987-01-17,F,latino,C,2020-07-25,2025-07-25,6'-08'',157 lb,BRO,BRO,False,False,D28607026,generated.photos_v3_0004516
generated.photos_v3_0005821_fake_5765,True,Fraud5_inpaint_and_rewrite,6'-03'',Arial_Bold.ttf,15.0,"[47, 40, 52]","[225, 254, 266, 269]",6'-03'',DejaVuMathTeXGyre.ttf,13.0,"[0, 0, 0]","[225, 254, 266, 269]",,,,,[],[],[],,,,,[],[],[],generated.photos_v3_0005821,generated.photos_v3_0005821,Haruka Chen,"21 Pinal Avenue, Casa Grande, AZ 85122",1994-12-10,F,asian,D,2020-11-29,2025-11-29,6'-03'',163 lb,BRO,BRO,False,False,D01659183,generated.photos_v3_0005821
generated.photos_v3_0014463_fake_530,True,Fraud5_inpaint_and_rewrite,F,Arial_Bold.ttf,15.0,"[40, 39, 23]","[169, 254, 178, 269]",F,DejaVuSansCondensed-Oblique.ttf,15.0,"[0, 0, 0]","[169, 254, 178, 269]",,,,,[],[],[],,,,,[],[],[],generated.photos_v3_0014463,generated.photos_v3_0014463,Harper Harris,"702 Aspen Avenue, Flagstaff, AZ 86001",1982-03-01,F,white,C,2021-08-19,2026-08-19,5'-09'',184 lb,BRO,BRO,False,False,D33812900,generated.photos_v3_0014463
generated.photos_v3_0009862_fake_3816,True,Fraud5_inpaint_and_rewrite,150 lb,Arial_Bold.ttf,15.0,"[23, 42, 33]","[332, 254, 373, 269]",150 lb,DejaVuSerifCondensed-Italic.ttf,14.0,"[0, 0, 0]","[332, 254, 373, 269]",,,,,[],[],[],,,,,[],[],[],generated.photos_v3_0009862,generated.photos_v3_0009862,Abigail Munoz,"276 Avenue A, Yuma, AZ 85364",1995-01-10,F,latino,D,2021-07-12,2026-07-12,5'-04'',150 lb,BRO,BRO,False,False,D30177224,generated.photos_v3_0009862
generated.photos_v3_0010442_fake_1644,True,Fraud5_inpaint_and_rewrite,GUERRERO,Arial_Bold.ttf,16.0,"[20, 45, 31]","[183, 129, 277, 145]",GUERRERO,DejaVuSerifCondensed-Bold.ttf,15.0,"[0, 0, 0]","[183, 129, 277, 145]",,,,,[],[],[],,,,,[],[],[],generated.photos_v3_0010442,generated.photos_v3_0010442,Miguel Guerrero,"2144 Riverview Drive, Bullhead City, AZ 86442",2001-02-28,M,latino,B,2023-04-23,2028-04-23,5'-00'',164 lb,BRO,BRO,False,False,D43877997,generated.photos_v3_0010442
generated.photos_v3_0006073_fake_4154,True,Fraud5_inpaint_and_rewrite,09/28/2023,Arial_Bold.ttf,14.0,"[31, 27, 34]","[215, 109, 287, 123]",09/28/2023,DejaVuSans-BoldOblique.ttf,10.0,"[0, 0, 0]","[215, 109, 287, 123]",,,,,[],[],[],,,,,[],[],[],generated.photos_v3_0006073,generated.photos_v3_0006073,Nandini Tan,"2346 Santa Fe Avenue, Flagstaff, AZ 86001",1990-08-21,F,asian,A,2023-09-28,2028-09-28,5'-10'',174 lb,BRO,BRO,False,False,D22174554,generated.photos_v3_0006073
generated.photos_v3_0015467_fake_400,True,Fraud5_inpaint_and_rewrite,12/31/1994,Arial_Bold.ttf,21.0,"[53, 45, 24]","[426, 102, 534, 123]",12/31/1994,DejaVuSerif-Bold.ttf,16.0,"[0, 0, 0]","[426, 102, 534, 123]",,,,,[],[],[],,,,,[],[],[],generated.photos_v3_0015467,generated.photos_v3_0015467,Peng Rahman,"809 Stone Avenue, Tucson, AZ 85701",1994-12-31,M,asian,D,2020-06-27,2025-06-27,5'-04'',187 lb,BRO,BRO,False,False,D29721273,generated.photos_v3_0015467
generated.photos_v3_0000630_fake_1290,True,Fraud5_inpaint_and_rewrite,702 S. IRONWOOD DRIVE,Arial_Bold.ttf,14.0,"[47, 38, 42]","[184, 199, 355, 213]",702 S. IRONWOOD DRIVE,DejaVuSans.ttf,13.0,"[0, 0, 0]","[184, 199, 355, 213]",,,,,[],[],[],,,,,[],[],[],generated.photos_v3_0000630,generated.photos_v3_0000630,Oscar Ortega,"702 S. Ironwood Drive, Apache Junction, AZ 85120",1994-01-31,M,latino,D,2020-01-31,2025-01-31,6'-11'',171 lb,BRO,BLK,False,False,D95137282,generated.photos_v3_0000630
generated.photos_v3_0012976_fake_247,True,Fraud5_inpaint_and_rewrite,MORGAN,Arial_Bold.ttf,16.0,"[20, 45, 31]","[183, 129, 256, 145]",MORGAN,DejaVuSansMono-BoldOblique.ttf,19.0,"[0, 0, 0]","[183, 129, 256, 145]",,,,,[],[],[],,,,,[],[],[],generated.photos_v3_0012976,generated.photos_v3_0012976,Lakisha Morgan,"2558 Goldwater Boulevard, Scottsdale, AZ 85250",2003-02-12,F,black,D,2024-08-09,2029-08-09,5'-09'',171 lb,BRO,BLK,False,False,D59101888,generated.photos_v3_0012976
generated.photos_v3_0012976_fake_3912,True,Fraud5_inpaint_and_rewrite,02/12/2003,Arial_Bold.ttf,21.0,"[53, 45, 24]","[426, 102, 534, 123]",02/12/2003,DejaVuSansCondensed-BoldOblique.ttf,18.0,"[0, 0, 0]","[426, 102, 534, 123]",,,,,[],[],[],,,,,[],[],[],generated.photos_v3_0012976,generated.photos_v3_0012976,Lakisha Morgan,"2558 Goldwater Boulevard, Scottsdale, AZ 85250",2003-02-12,F,black,D,2024-08-09,2029-08-09,5'-09'',171 lb,BRO,BLK,False,False,D59101888,generated.photos_v3_0012976
generated_fake_2_16,True,Fraud6_crop_and_replace,,,,[],[],,,,[],[],generated.photos_v3_0409107.png,163 lb,Arial_Bold.ttf,15.0,"[23, 42, 33]","[332, 254, 373, 269]","[[4, 9], [6, 7]]",generated.photos_v3_0116485.png,F,Arial_Bold.ttf,15.0,"[40, 39, 23]","[169, 254, 178, 269]","[[6, 7], [4, 9]]",generated,,,,,,,,,,,,,,,,,
generated_fake_2_28,True,Fraud6_crop_and_replace,,,,[],[],,,,[],[],generated.photos_v3_0065083.png,05/05/2028,Arial_Bold.ttf,21.0,"[54, 38, 42]","[426, 79, 534, 100]","[[9, 2], [9, 0]]",generated.photos_v3_0410276_0768568_0765065.png,06/21/1997,Arial_Bold.ttf,21.0,"[53, 45, 24]","[426, 102, 534, 123]","[[9, 0], [9, 2]]",generated,,,,,,,,,,,,,,,,,
generated_fake_2_14,True,Fraud6_crop_and_replace,,,,[],[],,,,[],[],generated.photos_v3_0454153.png,24 TAYLOR DRIVE,Arial_Bold.ttf,14.0,"[47, 38, 42]","[184, 199, 308, 213]","[[2, 9], [3, 1]]",generated.photos_v3_0714982.png,576 BELL ROAD,Arial_Bold.ttf,14.0,"[47, 38, 42]","[184, 199, 294, 213]","[[3, 1], [2, 9]]",generated,,,,,,,,,,,,,,,,,
generated.photos_v3_0004164_fake_2264,True,Fraud5_inpaint_and_rewrite,KANG,Arial_Bold.ttf,16.0,"[20, 45, 31]","[183, 129, 231, 145]",KANG,DejaVuMathTeXGyre.ttf,15.0,"[0, 0, 0]","[183, 129, 231, 145]",,,,,[],[],[],,,,,[],[],[],generated.photos_v3_0004164,generated.photos_v3_0004164,Miyu Kang,"388 Queen Creek Road, Gilbert, AZ 85233",1995-01-12,F,asian,D,2022-05-13,2027-05-13,5'-02'',172 lb,BRO,BRO,False,False,D81264132,generated.photos_v3_0004164
generated.photos_v3_0007944_fake_5830,True,Fraud5_inpaint_and_rewrite,"LAKE HAVASU CITY, AZ 86403",Arial_Bold.ttf,14.0,"[29, 38, 25]","[183, 214, 390, 228]","LAKE HAVASU CITY, AZ 86403",DejaVuSansCondensed-Oblique.ttf,15.0,"[0, 0, 0]","[183, 214, 390, 228]",,,,,[],[],[],,,,,[],[],[],generated.photos_v3_0007944,generated.photos_v3_0007944,Ariel Wells,"1237 McCulloch Boulevard, Lake Havasu City, AZ 86403",1986-06-08,F,black,A,2020-07-16,2025-07-16,6'-03'',129 lb,BRO,BRO,False,False,D02322299,generated.photos_v3_0007944
generated.photos_v3_0012201_fake_4343,True,Fraud5_inpaint_and_rewrite,F,Arial_Bold.ttf,15.0,"[40, 39, 23]","[169, 254, 178, 269]",F,DejaVuSans-BoldOblique.ttf,11.0,"[0, 0, 0]","[169, 254, 178, 269]",,,,,[],[],[],,,,,[],[],[],generated.photos_v3_0012201,generated.photos_v3_0012201,Evangeline Harris,"393 Maricopa Street, Avondale, AZ 85323",1999-07-25,F,white,D,2020-04-10,2025-04-10,6'-02'',142 lb,BRO,BRO,False,False,D08322429,generated.photos_v3_0012201
generated.photos_v3_0016139_fake_1274,True,Fraud5_inpaint_and_rewrite,F,Arial_Bold.ttf,15.0,"[40, 39, 23]","[169, 254, 178, 269]",F,DejaVuSans.ttf,14.0,"[0, 0, 0]","[169, 254, 178, 269]",,,,,[],[],[],,,,,[],[],[],generated.photos_v3_0016139,generated.photos_v3_0016139,Alexa Castro,"3416 Apache Trail, Apache Junction, AZ 85120",1990-02-12,F,latino,D,2021-11-28,2026-11-28,5'-06'',152 lb,BRO,BRO,False,False,D40357813,generated.photos_v3_0016139
generated_fake_2_15,True,Fraud6_crop_and_replace,,,,[],[],,,,[],[],generated.photos_v3_0109899.png,03/22/93,Arial_Bold.ttf,14.0,"[149, 156, 130]","[498, 324, 554, 338]","[[3, 4], [0, 8]]",generated.photos_v3_0059996_0728435_0545093.png,05/15/1993,Arial_Bold.ttf,21.0,"[53, 45, 24]","[426, 102, 534, 123]","[[0, 8], [3, 4]]",generated,,,,,,,,,,,,,,,,,
generated_fake_2_29,True,Fraud6_crop_and_replace,,,,[],[],,,,[],[],generated.photos_v3_0434335.png,06/03/2022,Arial_Bold.ttf,14.0,"[31, 27, 34]","[215, 109, 287, 123]","[[1, 6], [6, 3]]",generated.photos_v3_0767620.png,01/30/96,Arial_Bold.ttf,14.0,"[149, 156, 130]","[498, 324, 554, 338]","[[6, 3], [1, 6]]",generated,,,,,,,,,,,,,,,,,
generated_fake_2_24,True,Fraud6_crop_and_replace,,,,[],[],,,,[],[],generated.photos_v3_0866308_0549105_0080617.png,06/05/2029,Arial_Bold.ttf,21.0,"[54, 38, 42]","[426, 79, 534, 100]","[[7, 4], [5, 1]]",generated.photos_v3_0450732.png,11/06/2029,Arial_Bold.ttf,21.0,"[54, 38, 42]","[426, 79, 534, 100]","[[5, 1], [7, 4]]",generated,,,,,,,,,,,,,,,,,
generated.photos_v3_0011812_fake_222,True,Fraud5_inpaint_and_rewrite,03/01/2022,Arial_Bold.ttf,14.0,"[31, 27, 34]","[215, 109, 287, 123]",03/01/2022,DejaVuSansCondensed-Oblique.ttf,13.0,"[0, 0, 0]","[215, 109, 287, 123]",,,,,[],[],[],,,,,[],[],[],generated.photos_v3_0011812,generated.photos_v3_0011812,Alora Carter,"282 Via de Ventura, Scottsdale, AZ 85250",1984-04-30,F,white,B,2022-03-01,2027-03-01,6'-10'',186 lb,GRA,BLN,False,True,D67472224,generated.photos_v3_0011812
generated_fake_2_30,True,Fraud6_crop_and_replace,,,,[],[],,,,[],[],generated.photos_v3_0205094.png,"MARICOPA, AZ 85138",Arial_Bold.ttf,14.0,"[29, 38, 25]","[183, 214, 330, 228]","[[6, 4], [8, 0]]",generated.photos_v3_0112488.png,5'-00'',Arial_Bold.ttf,15.0,"[47, 40, 52]","[225, 254, 266, 269]","[[8, 0], [6, 4]]",generated,,,,,,,,,,,,,,,,,
generated_fake_2_18,True,Fraud6_crop_and_replace,,,,[],[],,,,[],[],generated.photos_v3_0635601.png,02/09/1993,Arial_Bold.ttf,20.0,"[53, 42, 51]","[334, 332, 434, 352]","[[1, 2], [7, 8]]",generated.photos_v3_0709204_0746368_0610531.png,D,Arial_Bold.ttf,14.0,"[45, 36, 46]","[170, 284, 180, 298]","[[7, 8], [1, 2]]",generated,,,,,,,,,,,,,,,,,
generated.photos_v3_0015078_fake_4329,True,Fraud5_inpaint_and_rewrite,"PAYSON, AZ 85541",Arial_Bold.ttf,14.0,"[29, 38, 25]","[183, 214, 312, 228]","PAYSON, AZ 85541",DejaVuSansCondensed.ttf,14.0,"[0, 0, 0]","[183, 214, 312, 228]",,,,,[],[],[],,,,,[],[],[],generated.photos_v3_0015078,generated.photos_v3_0015078,Ellie Wilson,"700 S. Forest Park Drive, Payson, AZ 85541",1988-08-26,F,white,C,2022-09-25,2027-09-25,5'-05'',103 lb,BRO,BLN,False,False,D66252498,generated.photos_v3_0015078
generated.photos_v3_0004219_fake_2932,True,Fraud5_inpaint_and_rewrite,0000000000001690,Arial_Bold.ttf,13.0,"[55, 33, 28]","[196, 333, 308, 346]",0000000000001690,DejaVuSans-Bold.ttf,9.0,"[0, 0, 0]","[196, 333, 308, 346]",,,,,[],[],[],,,,,[],[],[],generated.photos_v3_0004219,generated.photos_v3_0004219,Hiroko Bai,"2701 Clearwater Drive, Bullhead City, AZ 86442",1999-01-06,F,asian,B,2024-11-10,2029-11-10,6'-07'',181 lb,BRO,BRO,False,True,D90639415,generated.photos_v3_0004219
generated.photos_v3_0018393_fake_1638,True,Fraud5_inpaint_and_rewrite,5715 HOUGHTON ROAD,Arial_Bold.ttf,14.0,"[47, 38, 42]","[184, 199, 347, 213]",5715 HOUGHTON ROAD,DejaVuSerifCondensed-Bold.ttf,13.0,"[0, 0, 0]","[184, 199, 347, 213]",,,,,[],[],[],,,,,[],[],[],generated.photos_v3_0018393,generated.photos_v3_0018393,Suresh Abe,"5715 Houghton Road, Sahuarita, AZ 85629",1999-03-28,M,asian,D,2022-08-10,2027-08-10,5'-07'',198 lb,BRO,BLK,False,False,D45261508,generated.photos_v3_0018393
generated.photos_v3_0003357_fake_999,True,Fraud5_inpaint_and_rewrite,B,Arial_Bold.ttf,14.0,"[51, 56, 41]","[170, 315, 180, 329]",B,DejaVuSansMono-Bold.ttf,15.0,"[0, 0, 0]","[170, 315, 180, 329]",,,,,[],[],[],,,,,[],[],[],generated.photos_v3_0003357,generated.photos_v3_0003357,Jesus Flores,"327 Apache Boulevard, Tempe, AZ 85281",1992-06-07,M,latino,A,2022-07-13,2027-07-13,5'-11'',237 lb,BRO,BRO,False,False,D43588992,generated.photos_v3_0003357
generated.photos_v3_0004164_fake_2651,True,Fraud5_inpaint_and_rewrite,172 lb,Arial_Bold.ttf,15.0,"[23, 42, 33]","[332, 254, 373, 269]",172 lb,DejaVuMathTeXGyre.ttf,13.0,"[0, 0, 0]","[332, 254, 373, 269]",,,,,[],[],[],,,,,[],[],[],generated.photos_v3_0004164,generated.photos_v3_0004164,Miyu Kang,"388 Queen Creek Road, Gilbert, AZ 85233",1995-01-12,F,asian,D,2022-05-13,2027-05-13,5'-02'',172 lb,BRO,BRO,False,False,D81264132,generated.photos_v3_0004164
generated.photos_v3_0003687_fake_2499,True,Fraud5_inpaint_and_rewrite,0000000000005037,Arial_Bold.ttf,13.0,"[55, 33, 28]","[196, 333, 308, 346]",0000000000005037,DejaVuSans-BoldOblique.ttf,9.0,"[0, 0, 0]","[196, 333, 308, 346]",,,,,[],[],[],,,,,[],[],[],generated.photos_v3_0003687,generated.photos_v3_0003687,Mila Campbell,"25 Estrella Parkway, Goodyear, AZ 85395",1986-12-07,F,white,A,2021-08-10,2026-08-10,5'-10'',132 lb,BRO,BRO,False,False,D11295262,generated.photos_v3_0003687
generated.photos_v3_0016311_fake_5168,True,Fraud5_inpaint_and_rewrite,KENNETH,Arial_Bold.ttf,16.0,"[24, 43, 32]","[183, 155, 263, 171]",KENNETH,DejaVuSerifCondensed-Bold.ttf,15.0,"[0, 0, 0]","[183, 155, 263, 171]",,,,,[],[],[],,,,,[],[],[],generated.photos_v3_0016311,generated.photos_v3_0016311,Kenneth Mitchell,"6731 24th Drive, Yuma, AZ 85364",1994-11-06,M,white,A,2022-03-15,2027-03-15,7'-07'',168 lb,BRO,BRO,False,False,D00718568,generated.photos_v3_0016311
generated_fake_2_19,True,Fraud6_crop_and_replace,,,,[],[],,,,[],[],generated.photos_v3_0058749_0041322_0744423.png,10/27/2026,Arial_Bold.ttf,21.0,"[54, 38, 42]","[426, 79, 534, 100]","[[4, 9], [4, 5]]",generated.photos_v3_0120182.png,B,Arial_Bold.ttf,14.0,"[51, 56, 41]","[170, 315, 180, 329]","[[4, 5], [4, 9]]",generated,,,,,,,,,,,,,,,,,
generated.photos_v3_0017084_fake_805,True,Fraud5_inpaint_and_rewrite,0000000000005867,Arial_Bold.ttf,13.0,"[55, 33, 28]","[196, 333, 308, 346]",0000000000005867,DejaVuSans-BoldOblique.ttf,9.0,"[0, 0, 0]","[196, 333, 308, 346]",,,,,[],[],[],,,,,[],[],[],generated.photos_v3_0017084,generated.photos_v3_0017084,Cesar Figueroa,"3747 24th Drive, Yuma, AZ 85364",1994-04-15,M,latino,A,2020-02-16,2025-02-16,5'-08'',149 lb,BRO,BRO,False,False,D05674206,generated.photos_v3_0017084
generated_fake_2_31,True,Fraud6_crop_and_replace,,,,[],[],,,,[],[],generated.photos_v3_0987775_0964316_0740077.png,NONE,Arial_Bold.ttf,14.0,"[24, 44, 34]","[221, 284, 261, 298]","[[1, 4], [6, 1]]",generated.photos_v3_0661090_0511255_0395293.png,"NOGALES, AZ 85621",Arial_Bold.ttf,14.0,"[29, 38, 25]","[183, 214, 323, 228]","[[6, 1], [1, 4]]",generated,,,,,,,,,,,,,,,,,
generated_fake_2_25,True,Fraud6_crop_and_replace,,,,[],[],,,,[],[],generated.photos_v3_0039169.png,F,Arial_Bold.ttf,15.0,"[40, 39, 23]","[169, 254, 178, 269]","[[5, 3], [2, 7]]",generated.photos_v3_0452009.png,05/17/2024,Arial_Bold.ttf,14.0,"[31, 27, 34]","[215, 109, 287, 123]","[[2, 7], [5, 3]]",generated,,,,,,,,,,,,,,,,,
generated_fake_2_33,True,Fraud6_crop_and_replace,,,,[],[],,,,[],[],generated.photos_v3_0067100_0897354_0146641.png,06/09/2001,Arial_Bold.ttf,21.0,"[53, 45, 24]","[426, 102, 534, 123]","[[1, 8], [2, 4]]",generated.photos_v3_0103918.png,07/23/2026,Arial_Bold.ttf,21.0,"[54, 38, 42]","[426, 79, 534, 100]","[[2, 4], [1, 8]]",generated,,,,,,,,,,,,,,,,,
generated_fake_2_27,True,Fraud6_crop_and_replace,,,,[],[],,,,[],[],generated.photos_v3_0128199.png,253 SOUTHERN AVENUE,Arial_Bold.ttf,14.0,"[47, 38, 42]","[184, 199, 351, 213]","[[9, 1], [1, 5]]",generated.photos_v3_0133559.png,B,Arial_Bold.ttf,14.0,"[51, 56, 41]","[170, 315, 180, 329]","[[1, 5], [9, 1]]",generated,,,,,,,,,,,,,,,,,
generated.photos_v3_0000170_fake_5129,True,Fraud5_inpaint_and_rewrite,D,Arial_Bold.ttf,14.0,"[45, 36, 46]","[170, 284, 180, 298]",D,DejaVuSansMono-Bold.ttf,15.0,"[0, 0, 0]","[170, 284, 180, 298]",,,,,[],[],[],,,,,[],[],[],generated.photos_v3_0000170,generated.photos_v3_0000170,Brian Wade,"1436 Deer Valley Road, Peoria, AZ 85345",1991-06-05,M,white,D,2022-10-09,2027-10-09,5'-09'',118 lb,BRO,BRO,False,False,D82989586,generated.photos_v3_0000170
generated.photos_v3_0016087_fake_5068,True,Fraud5_inpaint_and_rewrite,6'-10'',Arial_Bold.ttf,15.0,"[47, 40, 52]","[225, 254, 266, 269]",6'-10'',DejaVuSansMono-BoldOblique.ttf,9.0,"[0, 0, 0]","[225, 254, 266, 269]",,,,,[],[],[],,,,,[],[],[],generated.photos_v3_0016087,generated.photos_v3_0016087,Eleanor White,"9282 Toole Avenue, Tucson, AZ 85701",1968-10-19,F,white,C,2020-02-08,2025-02-08,6'-10'',122 lb,BRO,BRO,False,False,D22550449,generated.photos_v3_0016087
generated.photos_v3_0017084_fake_5812,True,Fraud5_inpaint_and_rewrite,D05674206,Arial_Bold.ttf,21.0,"[36, 36, 36]","[211, 79, 322, 100]",D05674206,DejaVuSerif.ttf,18.0,"[0, 0, 0]","[211, 79, 322, 100]",,,,,[],[],[],,,,,[],[],[],generated.photos_v3_0017084,generated.photos_v3_0017084,Cesar Figueroa,"3747 24th Drive, Yuma, AZ 85364",1994-04-15,M,latino,A,2020-02-16,2025-02-16,5'-08'',149 lb,BRO,BRO,False,False,D05674206,generated.photos_v3_0017084
generated.photos_v3_0013753_fake_1235,True,Fraud5_inpaint_and_rewrite,817 SUNSET DRIVE,Arial_Bold.ttf,14.0,"[47, 38, 42]","[184, 199, 314, 213]",817 SUNSET DRIVE,DejaVuSansMono-Bold.ttf,14.0,"[0, 0, 0]","[184, 199, 314, 213]",,,,,[],[],[],,,,,[],[],[],generated.photos_v3_0013753,generated.photos_v3_0013753,Elizabeth Williams,"817 Sunset Drive, Eloy, AZ 85131",1993-01-20,F,white,A,2020-06-06,2025-06-06,5'-09'',109 lb,BRO,BRO,False,False,D95006149,generated.photos_v3_0013753
generated.photos_v3_0012338_fake_1325,True,Fraud5_inpaint_and_rewrite,07/13/2024,Arial_Bold.ttf,14.0,"[31, 27, 34]","[215, 109, 287, 123]",07/13/2024,DejaVuSerif-Bold.ttf,10.0,"[0, 0, 0]","[215, 109, 287, 123]",,,,,[],[],[],,,,,[],[],[],generated.photos_v3_0012338,generated.photos_v3_0012338,Alexander Miller,"82 La Canada Drive, Oro Valley, AZ 85737",1994-05-29,M,white,D,2024-07-13,2029-07-13,5'-00'',167 lb,BRO,BRO,False,False,D29613527,generated.photos_v3_0012338
generated_fake_2_26,True,Fraud6_crop_and_replace,,,,[],[],,,,[],[],generated.photos_v3_0211925.png,03/31/1995,Arial_Bold.ttf,20.0,"[53, 42, 51]","[334, 332, 434, 352]","[[9, 8], [3, 4]]",generated.photos_v3_0657322.png,C,Arial_Bold.ttf,14.0,"[45, 36, 46]","[170, 284, 180, 298]","[[3, 4], [9, 8]]",generated,,,,,,,,,,,,,,,,,
generated_fake_2_32,True,Fraud6_crop_and_replace,,,,[],[],,,,[],[],generated.photos_v3_0585748.png,D,Arial_Bold.ttf,14.0,"[45, 36, 46]","[170, 284, 180, 298]","[[3, 2], [7, 9]]",generated.photos_v3_0063529.png,11/05/2028,Arial_Bold.ttf,21.0,"[54, 38, 42]","[426, 79, 534, 100]","[[7, 9], [3, 2]]",generated,,,,,,,,,,,,,,,,,
generated_fake_2_36,True,Fraud6_crop_and_replace,,,,[],[],,,,[],[],generated.photos_v3_0980001.png,03/11/1994,Arial_Bold.ttf,21.0,"[53, 45, 24]","[426, 102, 534, 123]","[[0, 9], [9, 4]]",generated.photos_v3_0514773.png,129 lb,Arial_Bold.ttf,15.0,"[23, 42, 33]","[332, 254, 373, 269]","[[9, 4], [0, 9]]",generated,,,,,,,,,,,,,,,,,
generated_fake_2_22,True,Fraud6_crop_and_replace,,,,[],[],,,,[],[],generated.photos_v3_0762179.png,BRO,Arial_Bold.ttf,14.0,"[46, 46, 56]","[276, 254, 307, 268]","[[7, 4], [9, 4]]",generated.photos_v3_0673176.png,175 lb,Arial_Bold.ttf,15.0,"[23, 42, 33]","[332, 254, 373, 269]","[[9, 4], [7, 4]]",generated,,,,,,,,,,,,,,,,,
generated.photos_v3_0003040_fake_5294,True,Fraud5_inpaint_and_rewrite,D91405890,Arial_Bold.ttf,21.0,"[36, 36, 36]","[211, 79, 322, 100]",D91405890,DejaVuSansCondensed.ttf,20.0,"[0, 0, 0]","[211, 79, 322, 100]",,,,,[],[],[],,,,,[],[],[],generated.photos_v3_0003040,generated.photos_v3_0003040,Jacob Russell,"143 Mc 85, Buckeye, AZ 85326",1987-07-21,M,white,B,2021-12-30,2026-12-30,5'-00'',157 lb,BRO,BRO,False,False,D91405890,generated.photos_v3_0003040
generated.photos_v3_0007424_fake_4678,True,Fraud5_inpaint_and_rewrite,WADE,Arial_Bold.ttf,16.0,"[20, 45, 31]","[183, 129, 233, 145]",WADE,DejaVuSansMono-Bold.ttf,20.0,"[0, 0, 0]","[183, 129, 233, 145]",,,,,[],[],[],,,,,[],[],[],generated.photos_v3_0007424,generated.photos_v3_0007424,Matthew Wade,"39 Fillmore Street, Phoenix, AZ 85001",1986-04-23,M,white,C,2024-05-12,2029-05-12,5'-01'',152 lb,BRO,BRO,False,False,D40309216,generated.photos_v3_0007424
generated.photos_v3_0013103_fake_54,True,Fraud5_inpaint_and_rewrite,"AVONDALE, AZ 85323",Arial_Bold.ttf,14.0,"[29, 38, 25]","[183, 214, 332, 228]","AVONDALE, AZ 85323",DejaVuSansCondensed-Bold.ttf,13.0,"[0, 0, 0]","[183, 214, 332, 228]",,,,,[],[],[],,,,,[],[],[],generated.photos_v3_0013103,generated.photos_v3_0013103,Mingzhe Raj,"3472 Avondale Boulevard, Avondale, AZ 85323",1992-12-19,M,asian,D,2022-10-11,2027-10-11,5'-06'',182 lb,BRO,BLK,False,False,D07758416,generated.photos_v3_0013103
generated.photos_v3_0005821_fake_154,True,Fraud5_inpaint_and_rewrite,BRO,Arial_Bold.ttf,14.0,"[46, 46, 56]","[276, 254, 307, 268]",BRO,DejaVuSansMono-BoldOblique.ttf,15.0,"[0, 0, 0]","[276, 254, 307, 268]",,,,,[],[],[],,,,,[],[],[],generated.photos_v3_0005821,generated.photos_v3_0005821,Haruka Chen,"21 Pinal Avenue, Casa Grande, AZ 85122",1994-12-10,F,asian,D,2020-11-29,2025-11-29,6'-03'',163 lb,BRO,BRO,False,False,D01659183,generated.photos_v3_0005821
generated.photos_v3_0003285_fake_470,True,Fraud5_inpaint_and_rewrite,F,Arial_Bold.ttf,15.0,"[40, 39, 23]","[169, 254, 178, 269]",F,DejaVuSerif-Bold.ttf,11.0,"[0, 0, 0]","[169, 254, 178, 269]",,,,,[],[],[],,,,,[],[],[],generated.photos_v3_0003285,generated.photos_v3_0003285,Madison Jones,"45 Sarival Avenue, Goodyear, AZ 85338",1999-05-02,F,white,D,2023-09-19,2028-09-19,7'-07'',196 lb,BRO,BRO,False,False,D52764538,generated.photos_v3_0003285
generated.photos_v3_0011742_fake_2969,True,Fraud5_inpaint_and_rewrite,B,Arial_Bold.ttf,14.0,"[51, 56, 41]","[170, 315, 180, 329]",B,DejaVuSerifCondensed-BoldItalic.ttf,11.0,"[0, 0, 0]","[170, 315, 180, 329]",,,,,[],[],[],,,,,[],[],[],generated.photos_v3_0011742,generated.photos_v3_0011742,Ying Chang,"3505 Main Street, Florence, AZ 85132",1997-05-30,F,asian,D,2022-01-08,2027-01-08,7'-06'',189 lb,BRO,BRO,False,False,D72074401,generated.photos_v3_0011742
generated_fake_2_23,True,Fraud6_crop_and_replace,,,,[],[],,,,[],[],generated.photos_v3_0057645.png,12/24/1981,Arial_Bold.ttf,20.0,"[53, 42, 51]","[334, 332, 434, 352]","[[9, 1], [4, 5]]",generated.photos_v3_0983544.png,TYLER,Arial_Bold.ttf,16.0,"[24, 43, 32]","[183, 155, 237, 171]","[[4, 5], [9, 1]]",generated,,,,,,,,,,,,,,,,,
generated.photos_v3_0014397_fake_1357,True,Fraud5_inpaint_and_rewrite,F,Arial_Bold.ttf,15.0,"[40, 39, 23]","[169, 254, 178, 269]",F,DejaVuSerifCondensed-BoldItalic.ttf,10.0,"[0, 0, 0]","[169, 254, 178, 269]",,,,,[],[],[],,,,,[],[],[],generated.photos_v3_0014397,generated.photos_v3_0014397,Eva Aguilar,"609 Indian School Road, Buckeye, AZ 85326",1995-08-29,F,latino,C,2021-06-19,2026-06-19,6'-04'',144 lb,BRO,BRO,False,False,D11562858,generated.photos_v3_0014397
generated_fake_2_37,True,Fraud6_crop_and_replace,,,,[],[],,,,[],[],generated.photos_v3_0935476.png,598 SUPERSTITION BOULEVARD,Arial_Bold.ttf,14.0,"[47, 38, 42]","[184, 199, 407, 213]","[[6, 7], [6, 4]]",generated.photos_v3_0324132.png,"FLORENCE, AZ 85132",Arial_Bold.ttf,14.0,"[29, 38, 25]","[183, 214, 331, 228]","[[6, 4], [6, 7]]",generated,,,,,,,,,,,,,,,,,
generated_fake_2_21,True,Fraud6_crop_and_replace,,,,[],[],,,,[],[],generated.photos_v3_0747878_0928212_0106463.png,BRO,Arial_Bold.ttf,14.0,"[46, 46, 56]","[276, 254, 307, 268]","[[8, 2], [2, 0]]",generated.photos_v3_0978416.png,113 lb,Arial_Bold.ttf,15.0,"[23, 42, 33]","[332, 254, 373, 269]","[[2, 0], [8, 2]]",generated,,,,,,,,,,,,,,,,,
generated_fake_2_35,True,Fraud6_crop_and_replace,,,,[],[],,,,[],[],generated.photos_v3_0368783.png,"PAYSON, AZ 85541",Arial_Bold.ttf,14.0,"[29, 38, 25]","[183, 214, 312, 228]","[[4, 9], [2, 8]]",generated.photos_v3_0251036.png,01/19/2020,Arial_Bold.ttf,14.0,"[31, 27, 34]","[215, 109, 287, 123]","[[2, 8], [4, 9]]",generated,,,,,,,,,,,,,,,,,
generated.photos_v3_0003285_fake_5964,True,Fraud5_inpaint_and_rewrite,F,Arial_Bold.ttf,15.0,"[40, 39, 23]","[169, 254, 178, 269]",F,DejaVuSansMono-Oblique.ttf,12.0,"[0, 0, 0]","[169, 254, 178, 269]",,,,,[],[],[],,,,,[],[],[],generated.photos_v3_0003285,generated.photos_v3_0003285,Madison Jones,"45 Sarival Avenue, Goodyear, AZ 85338",1999-05-02,F,white,D,2023-09-19,2028-09-19,7'-07'',196 lb,BRO,BRO,False,False,D52764538,generated.photos_v3_0003285
generated.photos_v3_0009764_fake_120,True,Fraud5_inpaint_and_rewrite,F,Arial_Bold.ttf,15.0,"[40, 39, 23]","[169, 254, 178, 269]",F,DejaVuSansCondensed-BoldOblique.ttf,13.0,"[0, 0, 0]","[169, 254, 178, 269]",,,,,[],[],[],,,,,[],[],[],generated.photos_v3_0009764,generated.photos_v3_0009764,Sofia Alvarez,"7 Avenida Cochise, Sierra Vista, AZ 85635",1993-12-01,F,latino,A,2022-06-01,2027-06-01,5'-06'',200 lb,BRO,BRO,False,False,D10623075,generated.photos_v3_0009764
generated.photos_v3_0012338_fake_3910,True,Fraud5_inpaint_and_rewrite,ALEXANDER,Arial_Bold.ttf,16.0,"[24, 43, 32]","[183, 155, 286, 171]",ALEXANDER,DejaVuSans.ttf,16.0,"[0, 0, 0]","[183, 155, 286, 171]",,,,,[],[],[],,,,,[],[],[],generated.photos_v3_0012338,generated.photos_v3_0012338,Alexander Miller,"82 La Canada Drive, Oro Valley, AZ 85737",1994-05-29,M,white,D,2024-07-13,2029-07-13,5'-00'',167 lb,BRO,BRO,False,False,D29613527,generated.photos_v3_0012338
generated.photos_v3_0016621_fake_3981,True,Fraud5_inpaint_and_rewrite,D92505580,Arial_Bold.ttf,21.0,"[36, 36, 36]","[211, 79, 322, 100]",D92505580,DejaVuMathTeXGyre.ttf,18.0,"[0, 0, 0]","[211, 79, 322, 100]",,,,,[],[],[],,,,,[],[],[],generated.photos_v3_0016621,generated.photos_v3_0016621,Kesha Brown,"575 Rancho Vistoso Boulevard, Oro Valley, AZ 85737",2003-07-14,F,black,A,2020-03-09,2025-03-09,6'-03'',128 lb,BRO,BLK,False,False,D92505580,generated.photos_v3_0016621
generated.photos_v3_0009540_fake_2635,True,Fraud5_inpaint_and_rewrite,CRUZ,Arial_Bold.ttf,16.0,"[20, 45, 31]","[183, 129, 229, 145]",CRUZ,DejaVuSansCondensed-Bold.ttf,16.0,"[0, 0, 0]","[183, 129, 229, 145]",,,,,[],[],[],,,,,[],[],[],generated.photos_v3_0009540,generated.photos_v3_0009540,Alyssa Cruz,"2885 Otero Avenue, Bisbee, AZ 85603",1996-05-06,F,latino,B,2021-04-20,2026-04-20,5'-04'',101 lb,BRO,BRO,True,False,D05351988,generated.photos_v3_0009540
generated.photos_v3_0012338_fake_5804,True,Fraud5_inpaint_and_rewrite,B,Arial_Bold.ttf,14.0,"[51, 56, 41]","[170, 315, 180, 329]",B,DejaVuSans-ExtraLight.ttf,14.0,"[0, 0, 0]","[170, 315, 180, 329]",,,,,[],[],[],,,,,[],[],[],generated.photos_v3_0012338,generated.photos_v3_0012338,Alexander Miller,"82 La Canada Drive, Oro Valley, AZ 85737",1994-05-29,M,white,D,2024-07-13,2029-07-13,5'-00'',167 lb,BRO,BRO,False,False,D29613527,generated.photos_v3_0012338
generated_fake_2_34,True,Fraud6_crop_and_replace,,,,[],[],,,,[],[],generated.photos_v3_0536198.png,NONE,Arial_Bold.ttf,14.0,"[24, 44, 34]","[221, 284, 261, 298]","[[4, 5], [5, 4]]",generated.photos_v3_0964612.png,D14010062,Arial_Bold.ttf,21.0,"[36, 36, 36]","[211, 79, 322, 100]","[[5, 4], [4, 5]]",generated,,,,,,,,,,,,,,,,,
generated_fake_2_20,True,Fraud6_crop_and_replace,,,,[],[],,,,[],[],generated.photos_v3_0664449.png,SMITH,Arial_Bold.ttf,16.0,"[20, 45, 31]","[183, 129, 233, 145]","[[1, 7], [8, 1]]",generated.photos_v3_0916239.png,3127 HARDY DRIVE,Arial_Bold.ttf,14.0,"[47, 38, 42]","[184, 199, 315, 213]","[[8, 1], [1, 7]]",generated,,,,,,,,,,,,,,,,,
generated_fake_2_47,True,Fraud6_crop_and_replace,,,,[],[],,,,[],[],generated.photos_v3_0327546.png,688 CHERRY AVENUE,Arial_Bold.ttf,14.0,"[47, 38, 42]","[184, 199, 331, 213]","[[4, 0], [8, 0]]",generated.photos_v3_0334755.png,NONE,Arial_Bold.ttf,14.0,"[24, 44, 34]","[221, 284, 261, 298]","[[8, 0], [4, 0]]",generated,,,,,,,,,,,,,,,,,
generated_fake_2_53,True,Fraud6_crop_and_replace,,,,[],[],,,,[],[],generated.photos_v3_0958876.png,RAMIREZ,Arial_Bold.ttf,16.0,"[20, 45, 31]","[183, 129, 257, 145]","[[2, 5], [6, 9]]",generated.photos_v3_0204423.png,86 DYSART ROAD,Arial_Bold.ttf,14.0,"[47, 38, 42]","[184, 199, 306, 213]","[[6, 9], [2, 5]]",generated,,,,,,,,,,,,,,,,,
generated_fake_2_84,True,Fraud6_crop_and_replace,,,,[],[],,,,[],[],generated.photos_v3_0518848.png,01/12/92,Arial_Bold.ttf,14.0,"[149, 156, 130]","[498, 324, 554, 338]","[[2, 7], [4, 1]]",generated.photos_v3_0967031.png,0000000000002584,Arial_Bold.ttf,13.0,"[55, 33, 28]","[196, 333, 308, 346]","[[4, 1], [2, 7]]",generated,,,,,,,,,,,,,,,,,
generated_fake_2_90,True,Fraud6_crop_and_replace,,,,[],[],,,,[],[],generated.photos_v3_0728360.png,6'-02'',Arial_Bold.ttf,15.0,"[47, 40, 52]","[225, 254, 266, 269]","[[6, 3], [4, 3]]",generated.photos_v3_0497908.png,05/16/2028,Arial_Bold.ttf,21.0,"[54, 38, 42]","[426, 79, 534, 100]","[[4, 3], [6, 3]]",generated,,,,,,,,,,,,,,,,,
generated.photos_v3_0007424_fake_2442,True,Fraud5_inpaint_and_rewrite,5'-01'',Arial_Bold.ttf,15.0,"[47, 40, 52]","[225, 254, 266, 269]",5'-01'',DejaVuMathTeXGyre.ttf,13.0,"[0, 0, 0]","[225, 254, 266, 269]",,,,,[],[],[],,,,,[],[],[],generated.photos_v3_0007424,generated.photos_v3_0007424,Matthew Wade,"39 Fillmore Street, Phoenix, AZ 85001",1986-04-23,M,white,C,2024-05-12,2029-05-12,5'-01'',152 lb,BRO,BRO,False,False,D40309216,generated.photos_v3_0007424
generated.photos_v3_0016311_fake_3547,True,Fraud5_inpaint_and_rewrite,M,Arial_Bold.ttf,15.0,"[40, 39, 23]","[169, 254, 182, 269]",M,DejaVuSerif-Bold.ttf,11.0,"[0, 0, 0]","[169, 254, 182, 269]",,,,,[],[],[],,,,,[],[],[],generated.photos_v3_0016311,generated.photos_v3_0016311,Kenneth Mitchell,"6731 24th Drive, Yuma, AZ 85364",1994-11-06,M,white,A,2022-03-15,2027-03-15,7'-07'',168 lb,BRO,BRO,False,False,D00718568,generated.photos_v3_0016311
generated_fake_2_2,True,Fraud6_crop_and_replace,,,,[],[],,,,[],[],generated.photos_v3_0905003.png,0000000000003132,Arial_Bold.ttf,13.0,"[55, 33, 28]","[196, 333, 308, 346]","[[6, 7], [0, 7]]",generated.photos_v3_0805623.png,BRANDON,Arial_Bold.ttf,16.0,"[24, 43, 32]","[183, 155, 267, 171]","[[0, 7], [6, 7]]",generated,,,,,,,,,,,,,,,,,
generated_fake_2_3,True,Fraud6_crop_and_replace,,,,[],[],,,,[],[],generated.photos_v3_0004219.png,0000000000001690,Arial_Bold.ttf,13.0,"[55, 33, 28]","[196, 333, 308, 346]","[[9, 1], [7, 8]]",generated.photos_v3_0662567_0001952_0953720.png,MALCOLM,Arial_Bold.ttf,16.0,"[24, 43, 32]","[183, 155, 265, 171]","[[7, 8], [9, 1]]",generated,,,,,,,,,,,,,,,,,
generated.photos_v3_0010375_fake_5439,True,Fraud5_inpaint_and_rewrite,BLU,Arial_Bold.ttf,14.0,"[46, 46, 56]","[276, 254, 305, 268]",BLU,DejaVuSansCondensed-Bold.ttf,14.0,"[0, 0, 0]","[276, 254, 305, 268]",,,,,[],[],[],,,,,[],[],[],generated.photos_v3_0010375,generated.photos_v3_0010375,Lucy Harris,"210 London Bridge Road, Lake Havasu City, AZ 86403",1977-12-05,F,white,B,2021-06-04,2026-06-04,5'-07'',165 lb,BLU,BLN,False,False,D90612396,generated.photos_v3_0010375
generated_fake_2_91,True,Fraud6_crop_and_replace,,,,[],[],,,,[],[],generated.photos_v3_0842570_0105071_0142367.png,06/14/97,Arial_Bold.ttf,14.0,"[149, 156, 130]","[498, 324, 554, 338]","[[3, 0], [8, 2]]",generated.photos_v3_0998769.png,F,Arial_Bold.ttf,15.0,"[40, 39, 23]","[169, 254, 178, 269]","[[8, 2], [3, 0]]",generated,,,,,,,,,,,,,,,,,
generated_fake_2_85,True,Fraud6_crop_and_replace,,,,[],[],,,,[],[],generated.photos_v3_0141941.png,07/05/2000,Arial_Bold.ttf,20.0,"[53, 42, 51]","[334, 332, 434, 352]","[[1, 8], [6, 2]]",generated.photos_v3_0730242.png,NONE,Arial_Bold.ttf,14.0,"[24, 44, 34]","[221, 284, 261, 298]","[[6, 2], [1, 8]]",generated,,,,,,,,,,,,,,,,,
generated_fake_2_52,True,Fraud6_crop_and_replace,,,,[],[],,,,[],[],generated.photos_v3_0416188.png,B,Arial_Bold.ttf,14.0,"[51, 56, 41]","[170, 315, 180, 329]","[[2, 0], [8, 7]]",generated.photos_v3_0349446.png,98 HWY 87,Arial_Bold.ttf,14.0,"[47, 38, 42]","[184, 199, 256, 213]","[[8, 7], [2, 0]]",generated,,,,,,,,,,,,,,,,,
generated_fake_2_46,True,Fraud6_crop_and_replace,,,,[],[],,,,[],[],generated.photos_v3_0199897.png,F,Arial_Bold.ttf,15.0,"[40, 39, 23]","[169, 254, 178, 269]","[[5, 0], [9, 3]]",generated.photos_v3_0565316.png,215 lb,Arial_Bold.ttf,15.0,"[23, 42, 33]","[332, 254, 373, 269]","[[9, 3], [5, 0]]",generated,,,,,,,,,,,,,,,,,
generated_fake_2_50,True,Fraud6_crop_and_replace,,,,[],[],,,,[],[],generated.photos_v3_0153461.png,A,Arial_Bold.ttf,14.0,"[45, 36, 46]","[170, 284, 180, 298]","[[7, 4], [8, 6]]",generated.photos_v3_0221800.png,B,Arial_Bold.ttf,14.0,"[51, 56, 41]","[170, 315, 180, 329]","[[8, 6], [7, 4]]",generated,,,,,,,,,,,,,,,,,
generated_fake_2_44,True,Fraud6_crop_and_replace,,,,[],[],,,,[],[],generated.photos_v3_0075573_0131493_0131040.png,01/17/2024,Arial_Bold.ttf,14.0,"[31, 27, 34]","[215, 109, 287, 123]","[[7, 5], [3, 9]]",generated.photos_v3_0299844.png,01/08/2026,Arial_Bold.ttf,21.0,"[54, 38, 42]","[426, 79, 534, 100]","[[3, 9], [7, 5]]",generated,,,,,,,,,,,,,,,,,
generated_fake_2_78,True,Fraud6_crop_and_replace,,,,[],[],,,,[],[],generated.photos_v3_0224725.png,TAN,Arial_Bold.ttf,16.0,"[20, 45, 31]","[183, 129, 217, 145]","[[7, 6], [2, 3]]",generated.photos_v3_0766900.png,04/25/2024,Arial_Bold.ttf,14.0,"[31, 27, 34]","[215, 109, 287, 123]","[[2, 3], [7, 6]]",generated,,,,,,,,,,,,,,,,,
generated_fake_2_93,True,Fraud6_crop_and_replace,,,,[],[],,,,[],[],generated.photos_v3_0494563_0073875_0733672.png,MONTRELL,Arial_Bold.ttf,16.0,"[24, 43, 32]","[183, 155, 273, 171]","[[4, 5], [0, 9]]",generated.photos_v3_0379714.png,05/22/1987,Arial_Bold.ttf,20.0,"[53, 42, 51]","[334, 332, 434, 352]","[[0, 9], [4, 5]]",generated,,,,,,,,,,,,,,,,,
generated_fake_2_87,True,Fraud6_crop_and_replace,,,,[],[],,,,[],[],generated.photos_v3_0912475.png,NONE,Arial_Bold.ttf,14.0,"[24, 44, 34]","[221, 284, 261, 298]","[[7, 5], [8, 6]]",generated.photos_v3_0455697.png,0000000000005402,Arial_Bold.ttf,13.0,"[55, 33, 28]","[196, 333, 308, 346]","[[8, 6], [7, 5]]",generated,,,,,,,,,,,,,,,,,
generated.photos_v3_0011812_fake_4698,True,Fraud5_inpaint_and_rewrite,NONE,Arial_Bold.ttf,14.0,"[24, 44, 34]","[221, 284, 261, 298]",NONE,DejaVuSerifCondensed-BoldItalic.ttf,12.0,"[0, 0, 0]","[221, 284, 261, 298]",,,,,[],[],[],,,,,[],[],[],generated.photos_v3_0011812,generated.photos_v3_0011812,Alora Carter,"282 Via de Ventura, Scottsdale, AZ 85250",1984-04-30,F,white,B,2022-03-01,2027-03-01,6'-10'',186 lb,GRA,BLN,False,True,D67472224,generated.photos_v3_0011812
generated.photos_v3_0003687_fake_1456,True,Fraud5_inpaint_and_rewrite,NONE,Arial_Bold.ttf,14.0,"[24, 44, 34]","[221, 284, 261, 298]",NONE,DejaVuSans-BoldOblique.ttf,12.0,"[0, 0, 0]","[221, 284, 261, 298]",,,,,[],[],[],,,,,[],[],[],generated.photos_v3_0003687,generated.photos_v3_0003687,Mila Campbell,"25 Estrella Parkway, Goodyear, AZ 85395",1986-12-07,F,white,A,2021-08-10,2026-08-10,5'-10'',132 lb,BRO,BRO,False,False,D11295262,generated.photos_v3_0003687
generated.photos_v3_0005944_fake_2801,True,Fraud5_inpaint_and_rewrite,B,Arial_Bold.ttf,14.0,"[51, 56, 41]","[170, 315, 180, 329]",B,DejaVuSerif-BoldItalic.ttf,10.0,"[0, 0, 0]","[170, 315, 180, 329]",,,,,[],[],[],,,,,[],[],[],generated.photos_v3_0005944,generated.photos_v3_0005944,Meera Li,"6252 Royal Palm Drive, Apache Junction, AZ 85120",2003-07-31,F,asian,A,2023-04-29,2028-04-29,5'-01'',195 lb,BRO,BRO,False,False,D44776013,generated.photos_v3_0005944
generated_fake_2_1,True,Fraud6_crop_and_replace,,,,[],[],,,,[],[],generated.photos_v3_0164262.png,M,Arial_Bold.ttf,15.0,"[40, 39, 23]","[169, 254, 182, 269]","[[6, 5], [4, 2]]",generated.photos_v3_0676531_0924751_0704350.png,NONE,Arial_Bold.ttf,14.0,"[24, 44, 34]","[221, 284, 261, 298]","[[4, 2], [6, 5]]",generated,,,,,,,,,,,,,,,,,
generated.photos_v3_0006207_fake_3844,True,Fraud5_inpaint_and_rewrite,RAUL,Arial_Bold.ttf,16.0,"[24, 43, 32]","[183, 155, 229, 171]",RAUL,DejaVuSansCondensed-Oblique.ttf,18.0,"[0, 0, 0]","[183, 155, 229, 171]",,,,,[],[],[],,,,,[],[],[],generated.photos_v3_0006207,generated.photos_v3_0006207,Raul Campos,"25 Rodeo Road, Casa Grande, AZ 85122",1991-02-13,M,latino,C,2021-12-13,2026-12-13,5'-06'',219 lb,BRO,BRO,True,False,D78133264,generated.photos_v3_0006207
generated.photos_v3_0004023_fake_4095,True,Fraud5_inpaint_and_rewrite,24 LITCHFIELD ROAD,Arial_Bold.ttf,14.0,"[47, 38, 42]","[184, 199, 332, 213]",24 LITCHFIELD ROAD,DejaVuSerifCondensed-Bold.ttf,13.0,"[0, 0, 0]","[184, 199, 332, 213]",,,,,[],[],[],,,,,[],[],[],generated.photos_v3_0004023,generated.photos_v3_0004023,Samuel Johnson,"24 Litchfield Road, Surprise, AZ 85374",1997-04-09,M,white,C,2021-04-26,2026-04-26,7'-02'',114 lb,BRO,BRO,False,False,D16534331,generated.photos_v3_0004023
generated_fake_2_0,True,Fraud6_crop_and_replace,,,,[],[],,,,[],[],generated.photos_v3_0273756.png,D12754482,Arial_Bold.ttf,21.0,"[36, 36, 36]","[211, 79, 322, 100]","[[0, 8], [1, 9]]",generated.photos_v3_0651904.png,6156 WILLOW STREET,Arial_Bold.ttf,14.0,"[47, 38, 42]","[184, 199, 338, 213]","[[1, 9], [0, 8]]",generated,,,,,,,,,,,,,,,,,
generated.photos_v3_0016621_fake_1062,True,Fraud5_inpaint_and_rewrite,07/14/2003,Arial_Bold.ttf,20.0,"[53, 42, 51]","[334, 332, 434, 352]",07/14/2003,DejaVuSans-Oblique.ttf,16.0,"[0, 0, 0]","[334, 332, 434, 352]",,,,,[],[],[],,,,,[],[],[],generated.photos_v3_0016621,generated.photos_v3_0016621,Kesha Brown,"575 Rancho Vistoso Boulevard, Oro Valley, AZ 85737",2003-07-14,F,black,A,2020-03-09,2025-03-09,6'-03'',128 lb,BRO,BLK,False,False,D92505580,generated.photos_v3_0016621
generated_fake_2_86,True,Fraud6_crop_and_replace,,,,[],[],,,,[],[],generated.photos_v3_0784286.png,06/29/2025,Arial_Bold.ttf,21.0,"[54, 38, 42]","[426, 79, 534, 100]","[[9, 5], [8, 3]]",generated.photos_v3_0991718.png,07/28/1993,Arial_Bold.ttf,20.0,"[53, 42, 51]","[334, 332, 434, 352]","[[8, 3], [9, 5]]",generated,,,,,,,,,,,,,,,,,
generated_fake_2_92,True,Fraud6_crop_and_replace,,,,[],[],,,,[],[],generated.photos_v3_0377145.png,B,Arial_Bold.ttf,14.0,"[51, 56, 41]","[170, 315, 180, 329]","[[2, 5], [2, 6]]",generated.photos_v3_0383851.png,D75725888,Arial_Bold.ttf,21.0,"[36, 36, 36]","[211, 79, 322, 100]","[[2, 6], [2, 5]]",generated,,,,,,,,,,,,,,,,,
generated_fake_2_79,True,Fraud6_crop_and_replace,,,,[],[],,,,[],[],generated.photos_v3_0749197.png,BRO,Arial_Bold.ttf,14.0,"[46, 46, 56]","[276, 254, 307, 268]","[[1, 0], [7, 9]]",generated.photos_v3_0714863.png,B,Arial_Bold.ttf,14.0,"[51, 56, 41]","[170, 315, 180, 329]","[[7, 9], [1, 0]]",generated,,,,,,,,,,,,,,,,,
generated_fake_2_45,True,Fraud6_crop_and_replace,,,,[],[],,,,[],[],generated.photos_v3_0941809.png,06/19/1994,Arial_Bold.ttf,21.0,"[53, 45, 24]","[426, 102, 534, 123]","[[4, 1], [9, 4]]",generated.photos_v3_0764138_0777765_0091489.png,BRO,Arial_Bold.ttf,14.0,"[46, 46, 56]","[276, 254, 307, 268]","[[9, 4], [4, 1]]",generated,,,,,,,,,,,,,,,,,
generated.photos_v3_0007125_fake_5503,True,Fraud5_inpaint_and_rewrite,BRO,Arial_Bold.ttf,14.0,"[46, 46, 56]","[276, 254, 307, 268]",BRO,DejaVuSansMono-Bold.ttf,17.0,"[0, 0, 0]","[276, 254, 307, 268]",,,,,[],[],[],,,,,[],[],[],generated.photos_v3_0007125,generated.photos_v3_0007125,Haruka Choi,"399 51st Avenue, Glendale, AZ 85301",1996-12-19,F,asian,A,2022-07-30,2027-07-30,5'-04'',152 lb,BRO,BRO,False,False,D03875228,generated.photos_v3_0007125
generated_fake_2_51,True,Fraud6_crop_and_replace,,,,[],[],,,,[],[],generated.photos_v3_0137522_0131305_0088959.png,7245 ADAMS STREET,Arial_Bold.ttf,14.0,"[47, 38, 42]","[184, 199, 330, 213]","[[9, 0], [8, 4]]",generated.photos_v3_0122938.png,ARIANA,Arial_Bold.ttf,16.0,"[24, 43, 32]","[183, 155, 247, 171]","[[8, 4], [9, 0]]",generated,,,,,,,,,,,,,,,,,
generated_fake_2_69,True,Fraud6_crop_and_replace,,,,[],[],,,,[],[],generated.photos_v3_0224864.png,NONE,Arial_Bold.ttf,14.0,"[24, 44, 34]","[221, 284, 261, 298]","[[3, 0], [9, 0]]",generated.photos_v3_0041380.png,"SAHUARITA, AZ 85629",Arial_Bold.ttf,14.0,"[29, 38, 25]","[183, 214, 336, 228]","[[9, 0], [3, 0]]",generated,,,,,,,,,,,,,,,,,
generated.photos_v3_0005252_fake_4223,True,Fraud5_inpaint_and_rewrite,11/04/2001,Arial_Bold.ttf,21.0,"[53, 45, 24]","[426, 102, 534, 123]",11/04/2001,DejaVuSerif-BoldItalic.ttf,16.0,"[0, 0, 0]","[426, 102, 534, 123]",,,,,[],[],[],,,,,[],[],[],generated.photos_v3_0005252,generated.photos_v3_0005252,Ravi Xu,"4 Hassayampa Village Lane, Prescott, AZ 86301",2001-11-04,M,asian,C,2024-06-04,2029-06-04,7'-11'',188 lb,BRO,BRO,False,False,D09001951,generated.photos_v3_0005252
generated_fake_2_55,True,Fraud6_crop_and_replace,,,,[],[],,,,[],[],generated.photos_v3_0502395.png,09/12/95,Arial_Bold.ttf,14.0,"[149, 156, 130]","[498, 324, 554, 338]","[[5, 9], [1, 9]]",generated.photos_v3_0249223_0245604_0057474.png,8076 BELLA SERA DRIVE,Arial_Bold.ttf,14.0,"[47, 38, 42]","[184, 199, 355, 213]","[[1, 9], [5, 9]]",generated,,,,,,,,,,,,,,,,,
generated.photos_v3_0002720_fake_1423,True,Fraud5_inpaint_and_rewrite,24 ACOMA BOULEVARD,Arial_Bold.ttf,14.0,"[47, 38, 42]","[184, 199, 349, 213]",24 ACOMA BOULEVARD,DejaVuSerif-Italic.ttf,12.0,"[0, 0, 0]","[184, 199, 349, 213]",,,,,[],[],[],,,,,[],[],[],generated.photos_v3_0002720,generated.photos_v3_0002720,Mariam Adams,"24 Acoma Boulevard, Lake Havasu City, AZ 86403",1988-11-10,F,white,A,2021-04-03,2026-04-03,5'-01'',113 lb,GRA,BRO,False,False,D82488478,generated.photos_v3_0002720
generated_fake_2_41,True,Fraud6_crop_and_replace,,,,[],[],,,,[],[],generated.photos_v3_0111277.png,02/11/2002,Arial_Bold.ttf,21.0,"[53, 45, 24]","[426, 102, 534, 123]","[[3, 2], [2, 4]]",generated.photos_v3_0129815.png,D,Arial_Bold.ttf,14.0,"[45, 36, 46]","[170, 284, 180, 298]","[[2, 4], [3, 2]]",generated,,,,,,,,,,,,,,,,,
generated_fake_2_96,True,Fraud6_crop_and_replace,,,,[],[],,,,[],[],generated.photos_v3_0803429.png,BOSH,Arial_Bold.ttf,16.0,"[20, 45, 31]","[183, 129, 230, 145]","[[5, 8], [3, 7]]",generated.photos_v3_0478252.png,0000000000004867,Arial_Bold.ttf,13.0,"[55, 33, 28]","[196, 333, 308, 346]","[[3, 7], [5, 8]]",generated,,,,,,,,,,,,,,,,,
generated_fake_2_82,True,Fraud6_crop_and_replace,,,,[],[],,,,[],[],generated.photos_v3_0494746.png,ISHIKAWA,Arial_Bold.ttf,16.0,"[20, 45, 31]","[183, 129, 265, 145]","[[3, 2], [0, 1]]",generated.photos_v3_0862456.png,5'-04'',Arial_Bold.ttf,15.0,"[47, 40, 52]","[225, 254, 266, 269]","[[0, 1], [3, 2]]",generated,,,,,,,,,,,,,,,,,
generated.photos_v3_0012412_fake_1596,True,Fraud5_inpaint_and_rewrite,NONE,Arial_Bold.ttf,14.0,"[24, 44, 34]","[221, 284, 261, 298]",NONE,DejaVuSans-BoldOblique.ttf,12.0,"[0, 0, 0]","[221, 284, 261, 298]",,,,,[],[],[],,,,,[],[],[],generated.photos_v3_0012412,generated.photos_v3_0012412,Hugo Hernandez,"977 Alma School Road, Chandler, AZ 85224",2001-07-23,M,latino,A,2023-01-28,2028-01-28,5'-03'',167 lb,BRO,BRO,False,False,D90752064,generated.photos_v3_0012412
generated.photos_v3_0003687_fake_1321,True,Fraud5_inpaint_and_rewrite,12/07/1986,Arial_Bold.ttf,20.0,"[53, 42, 51]","[334, 332, 434, 352]",12/07/1986,DejaVuSansCondensed-Oblique.ttf,18.0,"[0, 0, 0]","[334, 332, 434, 352]",,,,,[],[],[],,,,,[],[],[],generated.photos_v3_0003687,generated.photos_v3_0003687,Mila Campbell,"25 Estrella Parkway, Goodyear, AZ 85395",1986-12-07,F,white,A,2021-08-10,2026-08-10,5'-10'',132 lb,BRO,BRO,False,False,D11295262,generated.photos_v3_0003687
generated.photos_v3_0012412_fake_5055,True,Fraud5_inpaint_and_rewrite,5'-03'',Arial_Bold.ttf,15.0,"[47, 40, 52]","[225, 254, 266, 269]",5'-03'',DejaVuSerif.ttf,13.0,"[0, 0, 0]","[225, 254, 266, 269]",,,,,[],[],[],,,,,[],[],[],generated.photos_v3_0012412,generated.photos_v3_0012412,Hugo Hernandez,"977 Alma School Road, Chandler, AZ 85224",2001-07-23,M,latino,A,2023-01-28,2028-01-28,5'-03'',167 lb,BRO,BRO,False,False,D90752064,generated.photos_v3_0012412
generated_fake_2_4,True,Fraud6_crop_and_replace,,,,[],[],,,,[],[],generated.photos_v3_0903109.png,04/03/2022,Arial_Bold.ttf,14.0,"[31, 27, 34]","[215, 109, 287, 123]","[[8, 7], [4, 0]]",generated.photos_v3_0863857.png,B,Arial_Bold.ttf,14.0,"[51, 56, 41]","[170, 315, 180, 329]","[[4, 0], [8, 7]]",generated,,,,,,,,,,,,,,,,,
generated.photos_v3_0015426_fake_1048,True,Fraud5_inpaint_and_rewrite,06/21/2020,Arial_Bold.ttf,14.0,"[31, 27, 34]","[215, 109, 287, 123]",06/21/2020,DejaVuSerifCondensed-BoldItalic.ttf,11.0,"[0, 0, 0]","[215, 109, 287, 123]",,,,,[],[],[],,,,,[],[],[],generated.photos_v3_0015426,generated.photos_v3_0015426,Maya Alvarez,"5079 Shea Boulevard, Scottsdale, AZ 85250",1991-11-01,F,latino,C,2020-06-21,2025-06-21,6'-01'',193 lb,BRO,BRO,False,False,D63807835,generated.photos_v3_0015426
generated_fake_2_5,True,Fraud6_crop_and_replace,,,,[],[],,,,[],[],generated.photos_v3_0980001.png,6702 SWAN DRIVE,Arial_Bold.ttf,14.0,"[47, 38, 42]","[184, 199, 308, 213]","[[3, 7], [6, 3]]",generated.photos_v3_0428002.png,F,Arial_Bold.ttf,15.0,"[40, 39, 23]","[169, 254, 178, 269]","[[6, 3], [3, 7]]",generated,,,,,,,,,,,,,,,,,
generated.photos_v3_0009638_fake_738,True,Fraud5_inpaint_and_rewrite,XIA,Arial_Bold.ttf,16.0,"[24, 43, 32]","[183, 155, 210, 171]",XIA,DejaVuSerif-BoldItalic.ttf,12.0,"[0, 0, 0]","[183, 155, 210, 171]",,,,,[],[],[],,,,,[],[],[],generated.photos_v3_0009638,generated.photos_v3_0009638,Xia Patel,"227 Miller Road, Scottsdale, AZ 85250",1996-12-23,F,asian,A,2023-11-16,2028-11-16,6'-00'',151 lb,BRO,BLK,False,False,D38104481,generated.photos_v3_0009638
generated.photos_v3_0003040_fake_3056,True,Fraud5_inpaint_and_rewrite,12/30/2021,Arial_Bold.ttf,14.0,"[31, 27, 34]","[215, 109, 287, 123]",12/30/2021,DejaVuSerif-Bold.ttf,10.0,"[0, 0, 0]","[215, 109, 287, 123]",,,,,[],[],[],,,,,[],[],[],generated.photos_v3_0003040,generated.photos_v3_0003040,Jacob Russell,"143 Mc 85, Buckeye, AZ 85326",1987-07-21,M,white,B,2021-12-30,2026-12-30,5'-00'',157 lb,BRO,BRO,False,False,D91405890,generated.photos_v3_0003040
generated_fake_2_83,True,Fraud6_crop_and_replace,,,,[],[],,,,[],[],generated.photos_v3_0585996_0619508_0376287.png,2384 BASELINE ROAD,Arial_Bold.ttf,14.0,"[47, 38, 42]","[184, 199, 335, 213]","[[8, 2], [2, 8]]",generated.photos_v3_0825142.png,M,Arial_Bold.ttf,15.0,"[40, 39, 23]","[169, 254, 182, 269]","[[2, 8], [8, 2]]",generated,,,,,,,,,,,,,,,,,
generated_fake_2_97,True,Fraud6_crop_and_replace,,,,[],[],,,,[],[],generated.photos_v3_0334972.png,D91782449,Arial_Bold.ttf,21.0,"[36, 36, 36]","[211, 79, 322, 100]","[[0, 1], [4, 6]]",generated.photos_v3_0900770.png,VICTORIA,Arial_Bold.ttf,16.0,"[24, 43, 32]","[183, 155, 260, 171]","[[4, 6], [0, 1]]",generated,,,,,,,,,,,,,,,,,
generated.photos_v3_0003317_fake_1249,True,Fraud5_inpaint_and_rewrite,"BUCKEYE, AZ 85326",Arial_Bold.ttf,14.0,"[29, 38, 25]","[183, 214, 321, 228]","BUCKEYE, AZ 85326",DejaVuSansCondensed-Oblique.ttf,14.0,"[0, 0, 0]","[183, 214, 321, 228]",,,,,[],[],[],,,,,[],[],[],generated.photos_v3_0003317,generated.photos_v3_0003317,Sumiko Bui,"2783 Southern Avenue, Buckeye, AZ 85326",1996-11-01,F,asian,A,2024-06-23,2029-06-23,5'-09'',193 lb,BRO,BRO,False,False,D75517188,generated.photos_v3_0003317
generated_fake_2_40,True,Fraud6_crop_and_replace,,,,[],[],,,,[],[],generated.photos_v3_0847207.png,01/16/2029,Arial_Bold.ttf,21.0,"[54, 38, 42]","[426, 79, 534, 100]","[[6, 8], [2, 4]]",generated.photos_v3_0069833_0379607_0497716.png,M,Arial_Bold.ttf,15.0,"[40, 39, 23]","[169, 254, 182, 269]","[[2, 4], [6, 8]]",generated,,,,,,,,,,,,,,,,,
generated_fake_2_54,True,Fraud6_crop_and_replace,,,,[],[],,,,[],[],generated.photos_v3_0249223_0245604_0708430.png,"ELOY, AZ 85131",Arial_Bold.ttf,14.0,"[29, 38, 25]","[183, 214, 292, 228]","[[3, 6], [9, 8]]",generated.photos_v3_0015721.png,85 UNIVERSITY DRIVE,Arial_Bold.ttf,14.0,"[47, 38, 42]","[184, 199, 333, 213]","[[9, 8], [3, 6]]",generated,,,,,,,,,,,,,,,,,
generated.photos_v3_0003285_fake_1975,True,Fraud5_inpaint_and_rewrite,05/02/1999,Arial_Bold.ttf,21.0,"[53, 45, 24]","[426, 102, 534, 123]",05/02/1999,DejaVuSerif.ttf,18.0,"[0, 0, 0]","[426, 102, 534, 123]",,,,,[],[],[],,,,,[],[],[],generated.photos_v3_0003285,generated.photos_v3_0003285,Madison Jones,"45 Sarival Avenue, Goodyear, AZ 85338",1999-05-02,F,white,D,2023-09-19,2028-09-19,7'-07'',196 lb,BRO,BRO,False,False,D52764538,generated.photos_v3_0003285
generated_fake_2_68,True,Fraud6_crop_and_replace,,,,[],[],,,,[],[],generated.photos_v3_0128840.png,12/22/1994,Arial_Bold.ttf,21.0,"[53, 45, 24]","[426, 102, 534, 123]","[[1, 0], [6, 0]]",generated.photos_v3_0247395.png,05/26/2001,Arial_Bold.ttf,20.0,"[53, 42, 51]","[334, 332, 434, 352]","[[6, 0], [1, 0]]",generated,,,,,,,,,,,,,,,,,
generated_fake_2_42,True,Fraud6_crop_and_replace,,,,[],[],,,,[],[],generated.photos_v3_0670748.png,NONE,Arial_Bold.ttf,14.0,"[24, 44, 34]","[221, 284, 261, 298]","[[4, 9], [4, 0]]",generated.photos_v3_0648708_0615513_0113005.png,05/09/2001,Arial_Bold.ttf,20.0,"[53, 42, 51]","[334, 332, 434, 352]","[[4, 0], [4, 9]]",generated,,,,,,,,,,,,,,,,,
generated_fake_2_56,True,Fraud6_crop_and_replace,,,,[],[],,,,[],[],generated.photos_v3_0387791_0133164_0226343.png,SHAUNICE,Arial_Bold.ttf,16.0,"[24, 43, 32]","[183, 155, 269, 171]","[[4, 5], [0, 4]]",generated.photos_v3_0423625.png,"BISBEE, AZ 85603",Arial_Bold.ttf,14.0,"[29, 38, 25]","[183, 214, 305, 228]","[[0, 4], [4, 5]]",generated,,,,,,,,,,,,,,,,,
generated_fake_2_81,True,Fraud6_crop_and_replace,,,,[],[],,,,[],[],generated.photos_v3_0555863.png,LIU,Arial_Bold.ttf,16.0,"[20, 45, 31]","[183, 129, 209, 145]","[[8, 7], [4, 5]]",generated.photos_v3_0066094.png,153 lb,Arial_Bold.ttf,15.0,"[23, 42, 33]","[332, 254, 373, 269]","[[4, 5], [8, 7]]",generated,,,,,,,,,,,,,,,,,
generated.photos_v3_0018393_fake_561,True,Fraud5_inpaint_and_rewrite,03/28/1999,Arial_Bold.ttf,20.0,"[53, 42, 51]","[334, 332, 434, 352]",03/28/1999,DejaVuSerifCondensed-Bold.ttf,16.0,"[0, 0, 0]","[334, 332, 434, 352]",,,,,[],[],[],,,,,[],[],[],generated.photos_v3_0018393,generated.photos_v3_0018393,Suresh Abe,"5715 Houghton Road, Sahuarita, AZ 85629",1999-03-28,M,asian,D,2022-08-10,2027-08-10,5'-07'',198 lb,BRO,BLK,False,False,D45261508,generated.photos_v3_0018393
generated_fake_2_95,True,Fraud6_crop_and_replace,,,,[],[],,,,[],[],generated.photos_v3_0431628.png,09/01/2028,Arial_Bold.ttf,21.0,"[54, 38, 42]","[426, 79, 534, 100]","[[8, 1], [5, 3]]",generated.photos_v3_0930887.png,0000000000004300,Arial_Bold.ttf,13.0,"[55, 33, 28]","[196, 333, 308, 346]","[[5, 3], [8, 1]]",generated,,,,,,,,,,,,,,,,,
generated.photos_v3_0004164_fake_4694,True,Fraud5_inpaint_and_rewrite,01/12/1995,Arial_Bold.ttf,21.0,"[53, 45, 24]","[426, 102, 534, 123]",01/12/1995,DejaVuSerifCondensed-Bold.ttf,18.0,"[0, 0, 0]","[426, 102, 534, 123]",,,,,[],[],[],,,,,[],[],[],generated.photos_v3_0004164,generated.photos_v3_0004164,Miyu Kang,"388 Queen Creek Road, Gilbert, AZ 85233",1995-01-12,F,asian,D,2022-05-13,2027-05-13,5'-02'',172 lb,BRO,BRO,False,False,D81264132,generated.photos_v3_0004164
generated_fake_2_7,True,Fraud6_crop_and_replace,,,,[],[],,,,[],[],generated.photos_v3_0481179.png,07/27/02,Arial_Bold.ttf,14.0,"[149, 156, 130]","[498, 324, 554, 338]","[[2, 5], [7, 2]]",generated.photos_v3_0338168.png,05/31/1996,Arial_Bold.ttf,21.0,"[53, 45, 24]","[426, 102, 534, 123]","[[7, 2], [2, 5]]",generated,,,,,,,,,,,,,,,,,
generated.photos_v3_0002720_fake_3380,True,Fraud5_inpaint_and_rewrite,ADAMS,Arial_Bold.ttf,16.0,"[20, 45, 31]","[183, 129, 243, 145]",ADAMS,DejaVuSans-Bold.ttf,14.0,"[0, 0, 0]","[183, 129, 243, 145]",,,,,[],[],[],,,,,[],[],[],generated.photos_v3_0002720,generated.photos_v3_0002720,Mariam Adams,"24 Acoma Boulevard, Lake Havasu City, AZ 86403",1988-11-10,F,white,A,2021-04-03,2026-04-03,5'-01'',113 lb,GRA,BRO,False,False,D82488478,generated.photos_v3_0002720
generated.photos_v3_0018663_fake_948,True,Fraud5_inpaint_and_rewrite,05/29/2025,Arial_Bold.ttf,21.0,"[54, 38, 42]","[426, 79, 534, 100]",05/29/2025,DejaVuSerifCondensed-BoldItalic.ttf,18.0,"[0, 0, 0]","[426, 79, 534, 100]",,,,,[],[],[],,,,,[],[],[],generated.photos_v3_0018663,generated.photos_v3_0018663,Ronald Hill,"154 Copper Basin Road, Prescott, AZ 86301",1996-04-07,M,white,B,2020-05-29,2025-05-29,5'-02'',220 lb,BRO,BRO,False,False,D76467645,generated.photos_v3_0018663
generated_fake_2_6,True,Fraud6_crop_and_replace,,,,[],[],,,,[],[],generated.photos_v3_0670337.png,06/20/1995,Arial_Bold.ttf,21.0,"[53, 45, 24]","[426, 102, 534, 123]","[[0, 8], [8, 6]]",generated.photos_v3_0510611.png,B,Arial_Bold.ttf,14.0,"[51, 56, 41]","[170, 315, 180, 329]","[[8, 6], [0, 8]]",generated,,,,,,,,,,,,,,,,,
generated.photos_v3_0009540_fake_2642,True,Fraud5_inpaint_and_rewrite,B,Arial_Bold.ttf,14.0,"[51, 56, 41]","[170, 315, 180, 329]",B,DejaVuSerif-BoldItalic.ttf,10.0,"[0, 0, 0]","[170, 315, 180, 329]",,,,,[],[],[],,,,,[],[],[],generated.photos_v3_0009540,generated.photos_v3_0009540,Alyssa Cruz,"2885 Otero Avenue, Bisbee, AZ 85603",1996-05-06,F,latino,B,2021-04-20,2026-04-20,5'-04'',101 lb,BRO,BRO,True,False,D05351988,generated.photos_v3_0009540
generated.photos_v3_0009638_fake_2734,True,Fraud5_inpaint_and_rewrite,227 MILLER ROAD,Arial_Bold.ttf,14.0,"[47, 38, 42]","[184, 199, 310, 213]",227 MILLER ROAD,DejaVuSerifCondensed-Italic.ttf,14.0,"[0, 0, 0]","[184, 199, 310, 213]",,,,,[],[],[],,,,,[],[],[],generated.photos_v3_0009638,generated.photos_v3_0009638,Xia Patel,"227 Miller Road, Scottsdale, AZ 85250",1996-12-23,F,asian,A,2023-11-16,2028-11-16,6'-00'',151 lb,BRO,BLK,False,False,D38104481,generated.photos_v3_0009638
generated.photos_v3_0003285_fake_2066,True,Fraud5_inpaint_and_rewrite,09/19/2028,Arial_Bold.ttf,21.0,"[54, 38, 42]","[426, 79, 534, 100]",09/19/2028,DejaVuSansCondensed.ttf,20.0,"[0, 0, 0]","[426, 79, 534, 100]",,,,,[],[],[],,,,,[],[],[],generated.photos_v3_0003285,generated.photos_v3_0003285,Madison Jones,"45 Sarival Avenue, Goodyear, AZ 85338",1999-05-02,F,white,D,2023-09-19,2028-09-19,7'-07'',196 lb,BRO,BRO,False,False,D52764538,generated.photos_v3_0003285
generated_fake_2_94,True,Fraud6_crop_and_replace,,,,[],[],,,,[],[],generated.photos_v3_0344383.png,05/22/1988,Arial_Bold.ttf,20.0,"[53, 42, 51]","[334, 332, 434, 352]","[[9, 4], [3, 1]]",generated.photos_v3_0680173.png,F,Arial_Bold.ttf,15.0,"[40, 39, 23]","[169, 254, 178, 269]","[[3, 1], [9, 4]]",generated,,,,,,,,,,,,,,,,,
generated_fake_2_80,True,Fraud6_crop_and_replace,,,,[],[],,,,[],[],generated.photos_v3_0195553.png,0000000000004637,Arial_Bold.ttf,13.0,"[55, 33, 28]","[196, 333, 308, 346]","[[3, 8], [9, 7]]",generated.photos_v3_0701585.png,03/20/98,Arial_Bold.ttf,14.0,"[149, 156, 130]","[498, 324, 554, 338]","[[9, 7], [3, 8]]",generated,,,,,,,,,,,,,,,,,
generated_fake_2_57,True,Fraud6_crop_and_replace,,,,[],[],,,,[],[],generated.photos_v3_0329515.png,A,Arial_Bold.ttf,14.0,"[45, 36, 46]","[170, 284, 180, 298]","[[1, 4], [5, 6]]",generated.photos_v3_0990057_0853581_0959325.png,NONE,Arial_Bold.ttf,14.0,"[24, 44, 34]","[221, 284, 261, 298]","[[5, 6], [1, 4]]",generated,,,,,,,,,,,,,,,,,
generated_fake_2_43,True,Fraud6_crop_and_replace,,,,[],[],,,,[],[],generated.photos_v3_0936864.png,02/24/1990,Arial_Bold.ttf,20.0,"[53, 42, 51]","[334, 332, 434, 352]","[[0, 9], [0, 7]]",generated.photos_v3_0644166.png,B,Arial_Bold.ttf,14.0,"[45, 36, 46]","[170, 284, 180, 298]","[[0, 7], [0, 9]]",generated,,,,,,,,,,,,,,,,,
